,mean_fit_time,std_fit_time,mean_score_time,std_score_time,param_shape_descriptor_function,params,split0_test_score,split1_test_score,split2_test_score,split3_test_score,split4_test_score,mean_test_score,std_test_score,rank_test_score,split0_train_score,split1_train_score,split2_train_score,split3_train_score,split4_train_score,mean_train_score,std_train_score
0,32.38399658203125,0.16474008001205248,10.71099648475647,0.12950427430376163,raw,{'shape_descriptor_function': 'raw'},0.8759296822177148,0.9263331138907176,0.95,0.8954635108481261,0.9243440156274749,0.9144140645168066,0.025873529471427657,2,1.0,1.0,1.0,1.0,1.0,1.0,0.0
1,51.02821192741394,0.3786702802132255,12.540382623672485,0.0950856220783833,paa,{'shape_descriptor_function': 'paa'},0.8738644304682041,0.9751859364435429,0.95,0.8974358974358975,1.0,0.9392972528695289,0.04716184313646905,1,1.0,1.0,1.0,1.0,1.0,1.0,0.0
