,mean_fit_time,std_fit_time,mean_score_time,std_score_time,param_averaging_method,param_init_algorithm,param_metric,param_n_clusters,params,split0_test_score,split1_test_score,split2_test_score,split3_test_score,split4_test_score,mean_test_score,std_test_score,rank_test_score,split0_train_score,split1_train_score,split2_train_score,split3_train_score,split4_train_score,mean_train_score,std_train_score
0,0.11539568901062011,0.05896825504704908,0.002607250213623047,0.0004970921051022686,mean,kmeans++,euclidean,2,"{'averaging_method': 'mean', 'init_algorithm': 'kmeans++', 'metric': 'euclidean', 'n_clusters': 2}",1.0,0.5714285714285715,0.5882352941176471,0.888888888888889,1.0,0.8097105508870215,0.19210359142497943,2,0.9047619047619048,0.7647058823529412,0.5882352941176471,0.9268292682926829,0.888888888888889,0.814684247682813,0.1264703793785516
1,0.031003570556640624,0.0018929597970624523,0.0037947654724121093,0.0007488919167312898,mean,forgy,euclidean,2,"{'averaging_method': 'mean', 'init_algorithm': 'forgy', 'metric': 'euclidean', 'n_clusters': 2}",0.888888888888889,0.9090909090909091,0.5882352941176471,0.888888888888889,1.0,0.8550207961972667,0.13957875638406947,1,0.9523809523809523,0.975609756097561,0.5882352941176471,0.9523809523809523,0.8947368421052632,0.8726687594164751,0.1447026694070059
