,mean_fit_time,std_fit_time,mean_score_time,std_score_time,param_averaging_method,param_init_algorithm,param_metric,param_n_clusters,params,split0_test_score,split1_test_score,split2_test_score,split3_test_score,split4_test_score,mean_test_score,std_test_score,rank_test_score,split0_train_score,split1_train_score,split2_train_score,split3_train_score,split4_train_score,mean_train_score,std_train_score
0,0.39600157737731934,0.006235129321226946,0.0021956920623779296,0.0003965763398524628,mean,kmeans++,euclidean,2,"{'averaging_method': 'mean', 'init_algorithm': 'kmeans++', 'metric': 'euclidean', 'n_clusters': 2}",1.0,0.7368421052631579,0.7368421052631579,0.923076923076923,0.923076923076923,0.8639676113360324,0.10753085215244716,1,0.9259259259259259,0.7297297297297298,0.7297297297297298,0.9019607843137256,0.9454545454545454,0.8465601430307312,0.09638148403512277
1,0.22341055870056153,0.004998394242134518,0.002796173095703125,0.0007504511915565775,mean,forgy,euclidean,2,"{'averaging_method': 'mean', 'init_algorithm': 'forgy', 'metric': 'euclidean', 'n_clusters': 2}",1.0,0.7368421052631579,0.7368421052631579,0.7368421052631579,0.6666666666666666,0.775438596491228,0.11552335181160935,2,0.9629629629629629,0.7297297297297298,0.7297297297297298,0.7297297297297298,0.7466666666666666,0.7797637637637638,0.09183417458510652
