,AHA,AHA,AHA,AHA
,mean,median,var,std
cluster,,,,
0,52.38,52.5,173.95469387755102,13.189188522329607
1,97.125,100.0,86.11290322580642,9.279703832871308
