subject,MACS,hemi,side_hemi,AHA,AI_aha,AI_week,healthy_percentage,predicted_aha
59.0,0.0,1.0,0.0,100.0,-10.63,-2.01,"[97.3753280839895, 97.63779527559055, 85.03937007874016, 96.58792650918635, 91.20734908136482]",100
