subject,MACS,hemi,side_hemi,AHA,AI_aha,AI_week,healthy_percentage,predicted_aha
53.0,0.0,1.0,0.0,100.0,3.22,2.67,"[95.260663507109, 95.73459715639811, 79.38388625592417, 97.1563981042654, 91.9431279620853]",95.1620853701248
