subject,MACS,hemi,side_hemi,AHA,AI_aha,AI_week,healthy_percentage,predicted_aha
10.0,2.0,2.0,1.0,58.0,54.95,43.27,"[66.32083000798085, 68.55546687948923, 32.64166001596169, 83.24022346368714, 76.05746209098164]",41.9116665390724
