subject,MACS,hemi,side_hemi,AHA,AI_aha,AI_week,healthy_percentage,predicted_aha
42.0,0.0,1.0,0.0,100.0,-3.46,0.8,"[98.72712808273667, 99.0453460620525, 84.1686555290374, 99.20445505171041, 95.3062848050915]",99.43800763045897
