subject,MACS,hemi,side_hemi,AHA,AI_aha,AI_week,healthy_percentage,predicted_aha
49.0,0.0,1.0,0.0,100.0,11.55,-7.18,"[90.72039072039072, 90.10989010989012, 74.35897435897436, 98.53479853479854, 92.3076923076923]",88.81593491061392
