subject,MACS,hemi,side_hemi,AHA,AI_aha,AI_week,healthy_percentage,predicted_aha
35.0,0.0,1.0,0.0,100.0,5.26,-4.91,"[97.2992700729927, 97.73722627737226, 85.25547445255475, 99.63503649635037, 98.24817518248176]",100
