subject,MACS,hemi,side_hemi,AHA,AI_aha,AI_week,healthy_percentage,predicted_aha
24.0,2.0,2.0,1.0,59.0,52.69,32.94,"[68.6158401184308, 69.72612879348631, 37.601776461880085, 75.49962990377497, 64.47076239822354]",53.959349329263475
