subject,MACS,hemi,side_hemi,AHA,AI_aha,AI_week,healthy_percentage,predicted_aha
58.0,0.0,1.0,0.0,100.0,3.23,-6.41,"[89.80509745127436, 89.73013493253373, 74.66266866566717, 98.50074962518741, 93.10344827586206]",89.81062183394356
