subject,MACS,hemi,side_hemi,AHA,AI_aha,AI_week,healthy_percentage,predicted_aha
52.0,0.0,1.0,0.0,100.0,-5.72,-5.54,"[97.54866618601298, 98.26964671953857, 84.42682047584715, 99.78370583994231, 98.9185291997116]",99.0640212769965
