subject,MACS,hemi,side_hemi,AHA,AI_aha,AI_week,healthy_percentage,predicted_aha
31.0,2.0,2.0,1.0,55.0,50.35,29.93,"[89.02346707040121, 89.47766843300529, 54.57986373959122, 81.68054504163513, 73.35352006056019]",65.20472373498927
