subject,MACS,hemi,side_hemi,AHA,AI_aha,AI_week,healthy_percentage,predicted_aha
26.0,1.0,2.0,1.0,68.0,56.46,51.2,"[51.11111111111111, 49.77777777777778, 28.71111111111111, 63.733333333333334, 56.35555555555556]",52.62850271631755
