subject,MACS,hemi,side_hemi,AHA,AI_aha,AI_week,healthy_percentage,predicted_aha
13.0,3.0,2.0,1.0,40.0,62.79,29.3,"[72.63537906137184, 73.86281588447653, 38.77256317689531, 78.84476534296029, 68.08664259927798]",51.679149713681454
