subject,MACS,hemi,side_hemi,AHA,AI_aha,AI_week,healthy_percentage,predicted_aha
25.0,3.0,2.0,1.0,42.0,69.66,53.13,"[69.58119030124908, 65.686994856723, 36.443791329904485, 79.42689199118296, 73.18148420279206]",44.58436313452136
