subject,MACS,hemi,side_hemi,AHA,AI_aha,AI_week,healthy_percentage,predicted_aha
43.0,0.0,1.0,0.0,100.0,2.81,-6.19,"[97.22650231124807, 97.61171032357473, 81.97226502311248, 96.0708782742681, 88.59784283513096]",99.93642660289989
