subject,MACS,hemi,side_hemi,AHA,AI_aha,AI_week,healthy_percentage,predicted_aha
12.0,1.0,2.0,1.0,65.0,38.72,11.68,"[92.20779220779221, 93.36219336219335, 73.16017316017316, 94.22799422799423, 84.992784992785]",90.16268521066826
