subject,MACS,hemi,side_hemi,AHA,AI_aha,AI_week,healthy_percentage,predicted_aha
41.0,0.0,1.0,0.0,100.0,19.98,-3.21,"[96.66048237476808, 97.6808905380334, 82.93135435992579, 98.7012987012987, 90.9090909090909]",100
