subject,MACS,hemi,side_hemi,AHA,AI_aha,AI_week,healthy_percentage,predicted_aha
55.0,0.0,1.0,0.0,100.0,0.62,-3.05,"[93.4876989869754, 94.13892908827786, 80.68017366136034, 97.9015918958032, 93.56005788712012]",97.87837406290586
