subject,MACS,hemi,side_hemi,AHA,AI_aha,AI_week,healthy_percentage,predicted_aha
4.0,2.0,2.0,1.0,46.0,58.33,36.85,"[68.34586466165413, 67.89473684210526, 33.609022556390975, 61.42857142857143, 53.984962406015036]",51.21670503897832
