subject,MACS,hemi,side_hemi,AHA,AI_aha,AI_week,healthy_percentage,predicted_aha
21.0,3.0,2.0,1.0,39.0,57.69,36.88,"[54.96098104793757, 54.96098104793757, 28.539576365663322, 75.8082497212932, 63.09921962095875]",47.49933893265602
