subject,MACS,hemi,side_hemi,AHA,AI_aha,AI_week,healthy_percentage,predicted_aha
5.0,3.0,2.0,2.0,53.0,51.95,29.45,"[69.96363636363637, 69.16363636363636, 45.09090909090909, 73.96363636363637, 64.14545454545456]",65.16799626005819
