subject,MACS,hemi,side_hemi,AHA,AI_aha,AI_week,healthy_percentage,predicted_aha
27.0,1.0,2.0,1.0,54.0,46.74,35.69,"[54.842615012106535, 53.38983050847458, 22.397094430992738, 65.61743341404357, 55.44794188861986]",39.711539329138375
