subject,MACS,hemi,side_hemi,AHA,AI_aha,AI_week,healthy_percentage,predicted_aha
47.0,0.0,1.0,0.0,100.0,9.68,4.04,"[98.43878389482333, 99.0139687756779, 87.26376335250616, 99.83566146261298, 97.04190632703369]",100
