subject,MACS,hemi,side_hemi,AHA,AI_aha,AI_week,healthy_percentage,predicted_aha
50.0,0.0,1.0,0.0,100.0,6.63,-4.57,"[98.51778656126481, 98.81422924901186, 82.41106719367589, 98.51778656126481, 95.15810276679841]",96.57639719055861
