subject,MACS,hemi,side_hemi,AHA,AI_aha,AI_week,healthy_percentage,predicted_aha
38.0,0.0,1.0,0.0,100.0,11.36,-1.91,"[95.61586638830897, 95.92901878914405, 80.89770354906054, 97.7035490605428, 91.9624217118998]",97.47468032278984
