subject,MACS,hemi,side_hemi,AHA,AI_aha,AI_week,healthy_percentage,predicted_aha
11.0,2.0,2.0,2.0,49.0,61.01,36.64,"[63.18181818181819, 60.45454545454545, 25.795454545454543, 62.5, 52.27272727272727]",40.90845579670292
