subject,MACS,hemi,side_hemi,AHA,AI_aha,AI_week,healthy_percentage,predicted_aha
3.0,2.0,2.0,2.0,57.0,48.93,30.47,"[70.34220532319392, 67.83269961977186, 39.69581749049429, 63.57414448669202, 55.81749049429657]",58.54920481017774
