subject,MACS,hemi,side_hemi,AHA,AI_aha,AI_week,healthy_percentage,predicted_aha
28.0,2.0,2.0,1.0,40.0,47.03,26.88,"[81.2982998454405, 84.69860896445131, 47.913446676970636, 78.97990726429676, 72.95208655332303]",60.36523808602235
