subject,MACS,hemi,side_hemi,AHA,AI_aha,AI_week,healthy_percentage,predicted_aha
37.0,0.0,1.0,0.0,100.0,-1.16,6.06,"[92.52793296089385, 93.29608938547486, 75.27932960893855, 96.7877094972067, 92.31843575418995]",89.82118525170563
