subject,MACS,hemi,side_hemi,AHA,AI_aha,AI_week,healthy_percentage,predicted_aha
18.0,2.0,2.0,1.0,52.0,47.64,35.2,"[74.35622317596567, 74.46351931330472, 42.59656652360515, 80.15021459227468, 71.99570815450643]",54.6684428505058
