subject,MACS,hemi,side_hemi,AHA,AI_aha,AI_week,healthy_percentage,predicted_aha
30.0,1.0,2.0,2.0,78.0,31.78,28.3,"[59.66796875, 62.890625, 35.05859375, 56.54296875, 42.7734375]",66.77335035996619
