subject,MACS,hemi,side_hemi,AHA,AI_aha,AI_week,healthy_percentage,predicted_aha
20.0,2.0,2.0,1.0,49.0,41.95,37.41,"[53.217011995637954, 55.07088331515813, 17.993456924754632, 56.597600872410034, 43.0752453653217]",40.72121229202315
