subject,MACS,hemi,side_hemi,AHA,AI_aha,AI_week,healthy_percentage,predicted_aha
33.0,1.0,2.0,2.0,69.0,56.11,35.57,"[77.34138972809667, 77.34138972809667, 48.413897280966765, 80.74018126888217, 73.26283987915407]",62.07477060262791
