subject,MACS,hemi,side_hemi,AHA,AI_aha,AI_week,healthy_percentage,predicted_aha
7.0,1.0,2.0,1.0,78.0,31.06,16.45,"[89.92731048805815, 89.40809968847351, 64.797507788162, 95.43094496365524, 89.7196261682243]",74.04723748957022
