subject,MACS,hemi,side_hemi,AHA,AI_aha,AI_week,healthy_percentage,predicted_aha
36.0,0.0,1.0,0.0,100.0,4.35,5.13,"[94.48818897637796, 95.53805774278216, 74.71566054243219, 97.28783902012248, 91.60104986876641]",88.06860708368414
