subject,MACS,hemi,side_hemi,AHA,AI_aha,AI_week,healthy_percentage,predicted_aha
60.0,0.0,1.0,0.0,100.0,-4.13,1.98,"[98.85321100917432, 99.31192660550458, 88.41743119266054, 99.42660550458714, 93.92201834862385]",100
