subject,MACS,hemi,side_hemi,AHA,AI_aha,AI_week,healthy_percentage,predicted_aha
19.0,3.0,2.0,2.0,16.0,79.34,47.18,"[58.85471898197243, 59.703075291622476, 32.237539766702014, 82.18451749734889, 73.48886532343585]",46.73027635194747
