subject,MACS,hemi,side_hemi,AHA,AI_aha,AI_week,healthy_percentage,predicted_aha
16.0,3.0,2.0,1.0,41.0,45.88,31.14,"[78.7063953488372, 77.25290697674419, 43.38662790697674, 74.78197674418605, 65.26162790697676]",55.569532446151754
