subject,MACS,hemi,side_hemi,AHA,AI_aha,AI_week,healthy_percentage,predicted_aha
32.0,1.0,2.0,2.0,75.0,42.66,28.46,"[78.90699904122724, 79.57813998082455, 38.350910834132314, 56.95110258868649, 48.99328859060403]",55.31865675413403
