subject,MACS,hemi,side_hemi,AHA,AI_aha,AI_week,healthy_percentage,predicted_aha
48.0,0.0,1.0,0.0,100.0,22.1,-8.72,"[92.11822660098522, 94.08866995073892, 76.45320197044335, 96.35467980295567, 83.2512315270936]",97.28022006957258
