subject,MACS,hemi,side_hemi,AHA,AI_aha,AI_week,healthy_percentage,predicted_aha
9.0,3.0,2.0,1.0,41.0,65.99,34.89,"[54.32098765432099, 54.86968449931413, 24.142661179698216, 59.396433470507546, 48.559670781893004]",47.30857684849332
