subject,MACS,hemi,side_hemi,AHA,AI_aha,AI_week,healthy_percentage,predicted_aha
45.0,0.0,1.0,0.0,100.0,3.96,4.55,"[97.08392603129445, 97.08392603129445, 84.77951635846372, 97.15504978662874, 92.46088193456615]",100
