subject,MACS,hemi,side_hemi,AHA,AI_aha,AI_week,healthy_percentage,predicted_aha
23.0,1.0,2.0,1.0,64.0,44.85,26.45,"[88.81516587677724, 90.04739336492891, 58.5781990521327, 93.45971563981043, 86.35071090047394]",66.52939464910249
