subject,MACS,hemi,side_hemi,AHA,AI_aha,AI_week,healthy_percentage,predicted_aha
54.0,0.0,1.0,0.0,100.0,1.59,1.28,"[94.5531914893617, 94.63829787234043, 79.74468085106383, 99.14893617021276, 95.31914893617022]",94.43337591689755
