subject,MACS,hemi,side_hemi,AHA,AI_aha,AI_week,healthy_percentage,predicted_aha
17.0,1.0,2.0,2.0,67.0,41.01,22.6,"[89.28884986830553, 89.64003511852502, 65.40825285338016, 91.22036874451273, 84.19666374012291]",78.58584982095
