subject,MACS,hemi,side_hemi,AHA,AI_aha,AI_week,healthy_percentage,predicted_aha
46.0,0.0,1.0,0.0,100.0,-0.95,-1.64,"[96.2370649106303, 97.08372530573848, 83.44308560677328, 99.52963311382878, 95.86077140169333]",99.82948623884332
