,mean_fit_time,std_fit_time,mean_score_time,std_score_time,param_feature_selection,params,split0_test_score,split1_test_score,split2_test_score,split3_test_score,split4_test_score,mean_test_score,std_test_score,rank_test_score,split0_train_score,split1_train_score,split2_train_score,split3_train_score,split4_train_score,mean_train_score,std_train_score
0,102.33079690933228,0.3093730657976914,1.0932055473327638,0.09733531085420143,chi2,{'feature_selection': 'chi2'},0.9490028490028489,0.8738644304682041,0.9748140635564571,0.8974358974358975,0.9243440156274749,0.9238922512181766,0.03585107721797115,2,1.0,1.0,1.0,1.0,1.0,1.0,0.0
1,74.52199215888977,0.8031371585435885,0.9982142448425293,0.10643932693908274,none,{'feature_selection': 'none'},0.9490028490028489,0.8709090909090909,1.0,0.8954635108481261,0.9236182536675148,0.9277987408855161,0.044636558711798925,1,1.0,1.0,1.0,1.0,1.0,1.0,0.0
