,AHA,AHA,AHA,AHA
,mean,median,var,std
cluster,,,,
0,100.0,100.0,,
1,73.05263157894737,68.0,612.6936090225557,24.75264852541149
2,100.0,100.0,0.0,0.0
