,AHA,AHA,AHA,AHA
,mean,median,var,std
cluster,,,,
0,72.07272727272728,67.0,607.5131313131308,24.647781468382316
1,100.0,100.0,,
2,100.0,100.0,0.0,0.0
3,100.0,100.0,,
