,AHA,AHA,AHA,AHA,AHA,MACS,MACS,MACS,MACS,MACS
,mean,median,var,std,count,mean,median,var,std,count
cluster,,,,,,,,,,
0,60.46774193548387,54.0,450.2202538339504,21.2183942331636,62,1.6129032258064515,2.0,0.9624537281861446,0.9810472609340207,62
1,98.625,100.0,30.250000000000043,5.5000000000000036,16,0.0625,0.0,0.0625,0.25,16
2,100.0,100.0,0.0,0.0,2,0.0,0.0,0.0,0.0,2
3,100.0,100.0,,,1,0.0,0.0,,,1
4,100.0,100.0,,,1,0.0,0.0,,,1
