,AHA,AHA,AHA,AHA,AHA,MACS,MACS,MACS,MACS,MACS
,mean,median,var,std,count,mean,median,var,std,count
cluster,,,,,,,,,,
0,52.86538461538461,53.0,173.13838612368022,13.158206037438395,52,1.9230769230769231,2.0,0.5429864253393665,0.736876126183612,52
1,100.0,100.0,0.0,0.0,26,0.0,0.0,0.0,0.0,26
2,94.5,100.0,120.99999999999999,11.0,4,0.25,0.0,0.25000000000000006,0.5,4
