,AHA,AHA,AHA,AHA
,mean,median,var,std
cluster,,,,
0,78.0,78.0,,
1,60.1578947368421,54.5,402.6230440967282,20.065468947839925
2,100.0,100.0,0.0,0.0
