,mean_fit_time,std_fit_time,mean_score_time,std_score_time,param_shape_descriptor_function,params,split0_test_score,split1_test_score,split2_test_score,split3_test_score,split4_test_score,mean_test_score,std_test_score,rank_test_score,split0_train_score,split1_train_score,split2_train_score,split3_train_score,split4_train_score,mean_train_score,std_train_score
0,63.22019753456116,0.5912902352060317,21.236200714111327,0.16112493188975807,raw,{'shape_descriptor_function': 'raw'},0.8373040752351096,0.7007168458781361,0.7083333333333333,0.6937321937321936,0.6521276858788914,0.7184428268115328,0.06253434566595541,2,1.0,1.0,1.0,1.0,1.0,1.0,0.0
1,100.68859214782715,0.6847093307293248,25.951404333114624,0.22009198994861842,paa,{'shape_descriptor_function': 'paa'},0.8062146892655366,0.8062146892655366,0.8681818181818182,0.8334165834165833,0.732175941810197,0.8092407443879344,0.04475671835215004,1,1.0,1.0,1.0,1.0,1.0,1.0,0.0
