,AHA,AHA,AHA,AHA,AHA,MACS,MACS,MACS,MACS,MACS
,mean,median,var,std,count,mean,median,var,std,count
cluster,,,,,,,,,,
0,65.0,65.0,,,1,1.0,1.0,,,1
1,56.57142857142857,56.0,291.9560439560439,17.08672127577564,14,1.6428571428571428,1.5,0.554945054945055,0.744946343668492,14
2,53.42857142857143,53.0,61.61904761904763,7.849780100044053,7,1.8571428571428572,2.0,0.8095238095238096,0.8997354108424375,7
3,50.93333333333333,53.0,83.92380952380952,9.160993915717308,15,2.2,2.0,0.45714285714285724,0.6761234037828133,15
4,52.0,50.5,247.4666666666667,15.731073284002802,16,1.9375,2.0,0.4625,0.6800735254367721,16
