,AHA,AHA,AHA,AHA,AHA,MACS,MACS,MACS,MACS,MACS
,mean,median,var,std,count,mean,median,var,std,count
cluster,,,,,,,,,,
0,54.62264150943396,53.0,252.08563134978223,15.87720477129971,53,1.8679245283018868,2.0,0.6552975326560232,0.8095044982308766,53
1,100.0,100.0,,,1,0.0,0.0,,,1
2,99.15384615384616,100.0,18.615384615384656,4.314554973040053,26,0.038461538461538464,0.0,0.03846153846153846,0.19611613513818402,26
3,54.0,54.0,,,1,1.0,1.0,,,1
4,100.0,100.0,,,1,0.0,0.0,,,1
