,mean_fit_time,std_fit_time,mean_score_time,std_score_time,param_init_algorithm,param_metric,param_n_clusters,params,split0_test_score,split1_test_score,split2_test_score,split3_test_score,split4_test_score,mean_test_score,std_test_score,rank_test_score,split0_train_score,split1_train_score,split2_train_score,split3_train_score,split4_train_score,mean_train_score,std_train_score
0,0.22939696311950683,0.0037780098689496108,0.0018024444580078125,0.0004012944068839749,forgy,euclidean,2,"{'init_algorithm': 'forgy', 'metric': 'euclidean', 'n_clusters': 2}",0.9148148148148149,1.0,0.8229166666666666,0.9172494172494172,1.0,0.9309961797461798,0.06581040285081398,3,1.0,0.9791019955654102,0.8932088868529546,0.9791019955654102,0.9790823211875844,0.9660990398342719,0.037333547412452726
1,49.527399349212644,2.5635022019515055,0.4142094612121582,0.019815611655918032,forgy,dtw,2,"{'init_algorithm': 'forgy', 'metric': 'dtw', 'n_clusters': 2}",1.0,1.0,1.0,0.9172494172494172,1.0,0.9834498834498835,0.03310023310023311,1,0.9584790209790208,0.979212373848179,0.9367408906882592,0.979212373848179,0.9585537918871253,0.9624396902501526,0.01583579007340304
2,0.045977544784545896,0.004048705937159403,0.0022079944610595703,0.0004002641375481338,random,euclidean,2,"{'init_algorithm': 'random', 'metric': 'euclidean', 'n_clusters': 2}",0.9148148148148149,1.0,0.7184873949579833,0.9172494172494172,1.0,0.9101103254044431,0.10291040134375365,4,1.0,0.9791019955654102,0.9151542649727767,0.9791019955654102,0.9790823211875844,0.9704881154582363,0.028827225228500498
3,43.713656187057495,1.9554606106331456,0.3108036994934082,0.03061769413379314,random,dtw,2,"{'init_algorithm': 'random', 'metric': 'dtw', 'n_clusters': 2}",1.0,1.0,1.0,0.9172494172494172,1.0,0.9834498834498835,0.03310023310023311,1,0.9584790209790208,0.979212373848179,0.9367408906882592,0.979212373848179,0.9585537918871253,0.9624396902501526,0.01583579007340304
