,mean_fit_time,std_fit_time,mean_score_time,std_score_time,param_init_algorithm,param_metric,param_n_clusters,params,split0_test_score,split1_test_score,split2_test_score,split3_test_score,split4_test_score,mean_test_score,std_test_score,rank_test_score,split0_train_score,split1_train_score,split2_train_score,split3_train_score,split4_train_score,mean_train_score,std_train_score
0,0.07158751487731933,0.011604515228997027,0.0018024444580078125,0.0004024625105236529,forgy,euclidean,2,"{'init_algorithm': 'forgy', 'metric': 'euclidean', 'n_clusters': 2}",1.0,0.9397814461753081,1.0,1.0,1.0,0.9879562892350616,0.024087421529876755,1,0.9688892502845992,0.9845349421820009,0.9693905689861201,0.9693526170798898,0.9696969696969697,0.972372869645916,0.006086511242942202
1,32.70654425621033,1.0840021847666146,0.291799259185791,0.00851535942429231,forgy,dtw,2,"{'init_algorithm': 'forgy', 'metric': 'dtw', 'n_clusters': 2}",0.8754901960784314,1.0,0.9388528138528138,0.9361471861471862,0.938259109311741,0.9377498610780345,0.03938372782555686,3,0.9692307692307692,0.9377785005691983,0.9538140020898642,0.9543016370602578,0.8815505482172147,0.939335091433461,0.030557697238452086
2,0.06859288215637208,0.004126913865822944,0.0018083572387695313,0.0003864786611611648,random,euclidean,2,"{'init_algorithm': 'random', 'metric': 'euclidean', 'n_clusters': 2}",1.0,0.9397814461753081,1.0,1.0,1.0,0.9879562892350616,0.024087421529876755,1,0.9688892502845992,0.9845349421820009,0.9693905689861201,0.9693526170798898,0.9696969696969697,0.972372869645916,0.006086511242942202
3,26.15099425315857,0.9522204313609242,0.22420048713684082,0.014421808882610705,random,dtw,2,"{'init_algorithm': 'random', 'metric': 'dtw', 'n_clusters': 2}",0.8754901960784314,1.0,0.9388528138528138,0.9361471861471862,0.938259109311741,0.9377498610780345,0.03938372782555686,3,0.9692307692307692,0.9377785005691983,0.9538140020898642,0.9543016370602578,0.8815505482172147,0.939335091433461,0.030557697238452086
