,mean_fit_time,std_fit_time,mean_score_time,std_score_time,param_init_algorithm,param_metric,param_n_clusters,params,split0_test_score,split1_test_score,split2_test_score,split3_test_score,split4_test_score,mean_test_score,std_test_score,rank_test_score,split0_train_score,split1_train_score,split2_train_score,split3_train_score,split4_train_score,mean_train_score,std_train_score
0,0.24080047607421876,0.0038175575845752516,0.0021985530853271484,0.0004005133697200487,forgy,euclidean,2,"{'init_algorithm': 'forgy', 'metric': 'euclidean', 'n_clusters': 2}",0.9397814461753081,0.9397814461753081,0.9388528138528138,0.9361471861471862,0.875,0.9259125784701233,0.025491090660805904,3,0.9226747109100051,0.9530318919252361,0.9696969696969697,0.9238360617670962,0.9387052341597795,0.9415889736918173,0.017901011084278797
1,31.624813270568847,1.8315226760043157,0.29558663368225097,0.01896998803448505,forgy,dtw,2,"{'init_algorithm': 'forgy', 'metric': 'dtw', 'n_clusters': 2}",1.0,0.9397814461753081,1.0,1.0,0.938259109311741,0.9756081110974097,0.029877719412750883,1,0.984686372330566,0.9369297369297368,0.9849118179582895,0.9849205446201691,1.0,0.9782896943677523,0.021497542346967626
2,0.06139163970947266,0.0025808877257687615,0.0019998073577880858,4.38690185546875e-06,random,euclidean,2,"{'init_algorithm': 'random', 'metric': 'euclidean', 'n_clusters': 2}",0.9397814461753081,0.9397814461753081,0.9388528138528138,0.9361471861471862,0.875,0.9259125784701233,0.025491090660805904,3,0.9226747109100051,0.9530318919252361,0.9696969696969697,0.9238360617670962,0.9387052341597795,0.9415889736918173,0.017901011084278797
3,29.284208822250367,0.7150701622188123,0.2513859748840332,0.033515616992274795,random,dtw,2,"{'init_algorithm': 'random', 'metric': 'dtw', 'n_clusters': 2}",1.0,0.9397814461753081,1.0,1.0,0.938259109311741,0.9756081110974097,0.029877719412750883,1,0.984686372330566,0.9369297369297368,0.9849118179582895,0.9849205446201691,1.0,0.9782896943677523,0.021497542346967626
