,AHA,AHA,AHA,AHA,AHA,MACS,MACS,MACS,MACS,MACS
,mean,median,var,std,count,mean,median,var,std,count
cluster,,,,,,,,,,
0,93.6969696969697,100.0,272.96780303030306,16.521737288502777,33,0.2727272727272727,0.0,0.5795454545454547,0.7612788283838285,33
1,100.0,100.0,0.0,0.0,22,0.0,0.0,0.0,0.0,22
2,79.33333333333333,100.0,589.9649122807015,24.289193322971872,39,0.7948717948717948,0.0,0.9568151147098517,0.9781692669011083,39
3,53.02884615384615,53.0,181.73702389843166,13.480987497154342,104,1.9326923076923077,2.0,0.5488237490664671,0.7408263960378755,104
