,AHA,AHA,AHA,AHA,AHA,MACS,MACS,MACS,MACS,MACS
,mean,median,var,std,count,mean,median,var,std,count
cluster,,,,,,,,,,
0,50.96666666666667,52.5,236.81242937853105,15.388711101925692,60,2.0166666666666666,2.0,0.5590395480225991,0.7476894729916953,60
1,52.36585365853659,52.0,80.08780487804879,8.949179005811024,41,1.951219512195122,2.0,0.44756097560975616,0.668999981771118,41
2,61.38461538461539,64.0,162.56615384615384,12.750143287279318,26,1.5384615384615385,1.0,0.5784615384615384,0.7605665904189707,26
