,AHA,AHA,AHA,AHA,AHA,MACS,MACS,MACS,MACS,MACS
,mean,median,var,std,count,mean,median,var,std,count
cluster,,,,,,,,,,
0,65.86666666666666,59.0,528.9363636363632,22.998616559183798,45,1.4,1.0,1.0636363636363633,1.0313274764284928,45
1,100.0,100.0,0.0,0.0,15,0.0,0.0,0.0,0.0,15
