,mean_fit_time,std_fit_time,mean_score_time,std_score_time,param_averaging_method,param_init_algorithm,param_metric,param_n_clusters,params,split0_test_score,split1_test_score,split2_test_score,split3_test_score,split4_test_score,mean_test_score,std_test_score,rank_test_score,split0_train_score,split1_train_score,split2_train_score,split3_train_score,split4_train_score,mean_train_score,std_train_score
0,0.10019822120666504,0.0059125600923614595,0.0026003837585449217,0.0008003484272729839,mean,kmeans++,euclidean,2,"{'averaging_method': 'mean', 'init_algorithm': 'kmeans++', 'metric': 'euclidean', 'n_clusters': 2}",0.9285714285714286,0.9285714285714286,1.0,0.9032258064516129,0.8275862068965518,0.9175909740982044,0.055388815606579406,1,0.9152542372881356,0.9,0.896551724137931,0.9217391304347825,0.9401709401709402,0.914743206406358,0.01577381318666515
1,0.07439699172973632,0.005266696530502498,0.0029993534088134767,8.53578470669389e-06,mean,forgy,euclidean,2,"{'averaging_method': 'mean', 'init_algorithm': 'forgy', 'metric': 'euclidean', 'n_clusters': 2}",0.9285714285714286,0.9285714285714286,1.0,0.9032258064516129,0.8275862068965518,0.9175909740982044,0.055388815606579406,1,0.9152542372881356,0.9,0.896551724137931,0.9217391304347825,0.9401709401709402,0.914743206406358,0.01577381318666515
