,AHA,AHA,AHA,AHA,AHA,MACS,MACS,MACS,MACS,MACS
,mean,median,var,std,count,mean,median,var,std,count
cluster,,,,,,,,,,
0,100.0,100.0,,,1,0.0,0.0,,,1
1,51.851063829787236,53.0,89.30342275670678,9.450048822980058,47,2.0638297872340425,2.0,0.49583718778908414,0.7041570760768396,47
2,100.0,100.0,,,1,0.0,0.0,,,1
3,97.77464788732394,100.0,67.94849094567425,8.2430874643955,71,0.09859154929577464,0.0,0.11871227364185113,0.3445464753002868,71
4,55.41025641025641,54.0,312.1411921411922,17.667517996062497,78,1.7564102564102564,2.0,0.7061272061272061,0.8403137545745674,78
