,mean_fit_time,std_fit_time,mean_score_time,std_score_time,param_averaging_method,param_init_algorithm,param_metric,param_n_clusters,params,split0_test_score,split1_test_score,split2_test_score,split3_test_score,split4_test_score,mean_test_score,std_test_score,rank_test_score,split0_train_score,split1_train_score,split2_train_score,split3_train_score,split4_train_score,mean_train_score,std_train_score
0,0.44023833274841306,0.03575885541814988,0.004916572570800781,0.005347288506458887,mean,kmeans++,euclidean,2,"{'averaging_method': 'mean', 'init_algorithm': 'kmeans++', 'metric': 'euclidean', 'n_clusters': 2}",1.0,1.0,1.0,0.4807692307692308,1.0,0.8961538461538462,0.20769230769230768,1,1.0,0.953604826546003,0.866115702479339,0.5478395061728396,0.9399350649350651,0.8614990200266494,0.16261723068415063
1,161.54434061050415,5.106687000649311,0.9036635398864746,0.07326073232436797,mean,kmeans++,dtw,2,"{'averaging_method': 'mean', 'init_algorithm': 'kmeans++', 'metric': 'dtw', 'n_clusters': 2}",0.5084033613445379,0.5084033613445379,0.5601851851851851,0.4807692307692308,0.4807692307692308,0.5077060738825445,0.029004194788157116,4,0.5072609633357297,0.5072609633357297,0.4949494949494949,0.5140394773422297,0.5140394773422297,0.5075100752610827,0.006973642869277509
2,0.03319668769836426,0.0030618995702945246,0.0036048412322998045,0.0010224007318232987,mean,forgy,euclidean,2,"{'averaging_method': 'mean', 'init_algorithm': 'forgy', 'metric': 'euclidean', 'n_clusters': 2}",0.8754901960784314,0.9397814461753081,0.5601851851851851,0.9361471861471862,1.0,0.8623208027172222,0.15611880850345128,2,0.8693187819045942,0.9226747109100051,0.5286661002548854,0.8884126626062111,0.9696969696969697,0.8357538450745331,0.15728854797337746
3,231.30955333709716,218.27906737604286,0.733739185333252,0.15187358828859188,mean,forgy,dtw,2,"{'averaging_method': 'mean', 'init_algorithm': 'forgy', 'metric': 'dtw', 'n_clusters': 2}",0.5084033613445379,0.5084033613445379,0.5601851851851851,0.876984126984127,0.4807692307692308,0.5869490531255238,0.14727501808902588,3,0.5072609633357297,0.5072609633357297,0.4949494949494949,0.7327797202797203,0.5140394773422297,0.5512581238485807,0.09096975274623575
