,AHA,AHA,AHA,AHA,AHA,MACS,MACS,MACS,MACS,MACS
,mean,median,var,std,count,mean,median,var,std,count
cluster,,,,,,,,,,
0,96.625,100.0,91.14516129032252,9.546997501325876,32,0.125,0.0,0.11290322580645165,0.33601075251612356,32
1,63.0,63.0,,,1,1.0,1.0,,,1
2,100.0,100.0,,,1,0.0,0.0,,,1
3,51.5,52.0,156.89361702127658,12.525718223769708,48,2.0,2.0,0.5106382978723406,0.7145896010104965,48
