,mean_fit_time,std_fit_time,mean_score_time,std_score_time,param_feature_selection,params,split0_test_score,split1_test_score,split2_test_score,split3_test_score,split4_test_score,mean_test_score,std_test_score,rank_test_score,split0_train_score,split1_train_score,split2_train_score,split3_train_score,split4_train_score,mean_train_score,std_train_score
0,104.80314393043518,0.6763363284063361,1.1080050945281983,0.09515560772640827,chi2,{'feature_selection': 'chi2'},0.95,0.8759296822177148,0.9505208333333334,0.9236182536675148,0.9477317554240631,0.9295601049285253,0.02863172423754178,2,1.0,1.0,1.0,1.0,1.0,1.0,0.0
1,79.46387596130371,1.5252317664241004,0.9610068798065186,0.2030135533124069,none,{'feature_selection': 'none'},1.0,0.8668954996186118,0.9505208333333334,0.9236182536675148,0.9477317554240631,0.9377532684087047,0.043261665595912886,1,1.0,1.0,1.0,1.0,1.0,1.0,0.0
