,mean_fit_time,std_fit_time,mean_score_time,std_score_time,param_shape_descriptor_function,params,split0_test_score,split1_test_score,split2_test_score,split3_test_score,split4_test_score,mean_test_score,std_test_score,rank_test_score,split0_train_score,split1_train_score,split2_train_score,split3_train_score,split4_train_score,mean_train_score,std_train_score
0,37.71219916343689,0.24012605421117825,11.159782028198242,0.1416811406656708,raw,{'shape_descriptor_function': 'raw'},0.9225454545454547,0.9747728860936409,0.844017094017094,0.9477317554240631,0.9206386066763427,0.9219411593513189,0.04365906084818618,2,1.0,1.0,1.0,1.0,1.0,1.0,0.0
1,54.23419380187988,0.6299365486895531,13.965004587173462,0.05706596578066787,paa,{'shape_descriptor_function': 'paa'},0.9225454545454547,0.9747728860936409,0.8983516483516484,0.922406569465393,0.9477317554240631,0.9331616627760401,0.026014974608103893,1,1.0,1.0,1.0,1.0,1.0,1.0,0.0
