,AHA,AHA,AHA,AHA,AHA,MACS,MACS,MACS,MACS,MACS
,mean,median,var,std,count,mean,median,var,std,count
cluster,,,,,,,,,,
0,100.0,100.0,0.0,0.0,9,0.0,0.0,0.0,0.0,9
1,69.28,63.5,581.9608163265301,24.123864042199585,50,1.26,1.0,1.1351020408163262,1.0654116766848043,50
2,100.0,100.0,,,1,0.0,0.0,,,1
