,AHA,AHA,AHA,AHA
,mean,median,var,std
cluster,,,,
0,66.34883720930233,60.0,461.68864569083416,21.486941282807894
1,73.16964285714286,72.0,721.0790701415698,26.852915486806452
