,AHA,AHA,AHA,AHA,AHA,MACS,MACS,MACS,MACS,MACS
,mean,median,var,std,count,mean,median,var,std,count
cluster,,,,,,,,,,
0,96.95833333333333,100.0,75.7807971014492,8.705216660224442,24,0.125,0.0,0.11413043478260869,0.3378319623460881,24
1,58.2,54.0,370.10588235294136,19.23813614550384,35,1.7142857142857142,2.0,0.8571428571428568,0.9258200997725513,35
2,100.0,100.0,,,1,0.0,0.0,,,1
