,mean_fit_time,std_fit_time,mean_score_time,std_score_time,param_init_algorithm,param_metric,param_n_clusters,params,split0_test_score,split1_test_score,split2_test_score,split3_test_score,split4_test_score,mean_test_score,std_test_score,rank_test_score,split0_train_score,split1_train_score,split2_train_score,split3_train_score,split4_train_score,mean_train_score,std_train_score
0,0.5346004009246826,0.012771993829215598,0.0023998260498046876,0.0004887173472847352,forgy,euclidean,2,"{'init_algorithm': 'forgy', 'metric': 'euclidean', 'n_clusters': 2}",0.6,0.65,0.5214672075726842,0.631054131054131,0.6467236467236467,0.6098489970700924,0.04760219320300635,3,0.6158269695578623,0.5463061934169658,0.5147891996733361,0.6074462718191909,0.6037735849056604,0.577628443874603,0.039904016371184854
1,95.97649745941162,2.840051217434296,0.46765527725219724,0.02053664606971054,forgy,dtw,2,"{'init_algorithm': 'forgy', 'metric': 'dtw', 'n_clusters': 2}",0.7766734279918863,0.6772357723577235,0.7439467312348669,0.5008012820512822,0.6521276858788914,0.6701569799029301,0.09575719111957945,1,0.8377930617939293,0.6462055414668479,0.7791935575039983,0.6762428724397487,0.6125854228818323,0.7104040912172713,0.08463672374322552
2,0.25959486961364747,0.01676428613274521,0.002399444580078125,0.0004871983879463846,random,euclidean,2,"{'init_algorithm': 'random', 'metric': 'euclidean', 'n_clusters': 2}",0.6,0.65,0.5214672075726842,0.631054131054131,0.6467236467236467,0.6098489970700924,0.04760219320300635,3,0.6158269695578623,0.5463061934169658,0.5147891996733361,0.6074462718191909,0.6037735849056604,0.577628443874603,0.039904016371184854
3,93.32449769973755,1.6152270586063031,0.395803165435791,0.051985809053649766,random,dtw,2,"{'init_algorithm': 'random', 'metric': 'dtw', 'n_clusters': 2}",0.7604118993135011,0.5211382113821138,0.4992163009404388,0.6937321937321936,0.6410256410256411,0.6231048492787776,0.09990812800162382,2,0.7995732026087777,0.5054884509429963,0.49808162525802435,0.8137626849403036,0.6388126548503907,0.6511437237200985,0.13658093313809117
