,AHA,AHA,AHA,AHA,AHA,MACS,MACS,MACS,MACS,MACS
,mean,median,var,std,count,mean,median,var,std,count
cluster,,,,,,,,,,
0,100.0,100.0,,,1,0.0,0.0,,,1
1,63.95918367346939,58.0,588.4149659863946,24.257266251298695,49,1.489795918367347,2.0,1.171768707482993,1.0824826592066004,49
2,100.0,100.0,,,1,0.0,0.0,,,1
3,61.94444444444444,53.5,376.2908496732026,19.398217693210956,18,1.5,2.0,0.8529411764705882,0.9235481451827989,18
4,98.16666666666667,100.0,40.33333333333337,6.350852961085886,12,0.08333333333333333,0.0,0.08333333333333334,0.2886751345948129,12
5,100.0,100.0,,,1,0.0,0.0,,,1
