,mean_fit_time,std_fit_time,mean_score_time,std_score_time,param_feature_selection,params,split0_test_score,split1_test_score,split2_test_score,split3_test_score,split4_test_score,mean_test_score,std_test_score,rank_test_score,split0_train_score,split1_train_score,split2_train_score,split3_train_score,split4_train_score,mean_train_score,std_train_score
0,121.05061531066895,1.1407197058411895,0.8795993804931641,0.12408620928193459,chi2,{'feature_selection': 'chi2'},0.7679738562091503,0.8848739495798319,1.0,1.0,1.0,0.9305695611577963,0.09272239179259162,2,1.0,1.0,1.0,1.0,1.0,1.0,0.0
1,71.20755772590637,0.7010849653843017,0.4775994300842285,0.04784972840854863,none,{'feature_selection': 'none'},0.9420383538030597,0.9397814461753081,1.0,1.0,1.0,0.9763639599956736,0.028956915302448916,1,1.0,1.0,1.0,1.0,1.0,1.0,0.0
