,AHA,AHA,AHA,AHA
,mean,median,var,std
cluster,,,,
0,54.8235294117647,53.5,191.24064171122996,13.828978332155632
1,100.0,100.0,0.0,0.0
2,100.0,100.0,,
