{
    "Best index": 0,
    "Best score": 0.5206690368455075,
    "Refit time": 52.72499203681946,
    "Best params": {}
}