,mean_fit_time,std_fit_time,mean_score_time,std_score_time,params,split0_test_score,split1_test_score,split2_test_score,split3_test_score,split4_test_score,mean_test_score,std_test_score,rank_test_score,split0_train_score,split1_train_score,split2_train_score,split3_train_score,split4_train_score,mean_train_score,std_train_score
0,77.9880039691925,1.0231177258351332,0.21579694747924805,0.0649549961966083,{},0.5084033613445379,0.5084033613445379,0.625,0.4807692307692308,0.4807692307692308,0.5206690368455075,0.053609388195694274,1,0.5072609633357297,0.5072609633357297,1.0,0.5140394773422297,0.5140394773422297,0.6085201762711837,0.19576338459250628
