,mean_fit_time,std_fit_time,mean_score_time,std_score_time,param_feature_selection,params,split0_test_score,split1_test_score,split2_test_score,split3_test_score,split4_test_score,mean_test_score,std_test_score,rank_test_score,split0_train_score,split1_train_score,split2_train_score,split3_train_score,split4_train_score,mean_train_score,std_train_score
0,345.4005633354187,2.8046513216856677,2.1059961318969727,0.2426628789972067,chi2,{'feature_selection': 'chi2'},1.0,0.9397814461753081,1.0,1.0,0.7934782608695653,0.9466519414089747,0.08005926077730081,1,1.0,1.0,1.0,1.0,1.0,1.0,0.0
1,187.09645562171937,3.3306366148043467,0.5355987548828125,0.1364285943759486,none,{'feature_selection': 'none'},0.9397814461753081,0.8754901960784314,1.0,1.0,0.7934782608695653,0.921749980624661,0.07894918184449973,2,1.0,1.0,1.0,1.0,1.0,1.0,0.0
