,mean_fit_time,std_fit_time,mean_score_time,std_score_time,param_averaging_method,param_init_algorithm,param_metric,param_n_clusters,params,split0_test_score,split1_test_score,split2_test_score,split3_test_score,split4_test_score,mean_test_score,std_test_score,rank_test_score,split0_train_score,split1_train_score,split2_train_score,split3_train_score,split4_train_score,mean_train_score,std_train_score
0,0.840382194519043,0.03993204702873956,0.003182649612426758,0.0009853059171037023,mean,kmeans++,euclidean,2,"{'averaging_method': 'mean', 'init_algorithm': 'kmeans++', 'metric': 'euclidean', 'n_clusters': 2}",1.0,0.4298245614035088,0.4298245614035088,0.9148148148148149,1.0,0.7548927875243665,0.2672335492764933,1,0.9151542649727767,0.4502457002457003,0.4502457002457003,0.9160714285714286,0.8954116059379218,0.7254257399947056,0.22480480196661315
1,281.9708132266998,13.320330518971897,1.4412700653076171,0.08474627656055553,mean,kmeans++,dtw,2,"{'averaging_method': 'mean', 'init_algorithm': 'kmeans++', 'metric': 'dtw', 'n_clusters': 2}",0.4298245614035088,0.4298245614035088,0.4298245614035088,0.4298245614035088,0.3333333333333333,0.41052631578947374,0.038596491228070184,3,0.40499999999999997,0.40499999999999997,0.40499999999999997,0.40499999999999997,0.4298245614035088,0.40996491228070175,0.009929824561403521
2,0.024992084503173827,0.004818351346058752,0.003013801574707031,0.0011034178279224782,mean,forgy,euclidean,2,"{'averaging_method': 'mean', 'init_algorithm': 'forgy', 'metric': 'euclidean', 'n_clusters': 2}",0.4298245614035088,0.4298245614035088,0.4298245614035088,1.0,0.9160839160839161,0.6411115200588886,0.2601296969989035,2,0.4502457002457003,0.4502457002457003,0.39527027027027034,0.9584790209790208,0.9372469635627532,0.638297531060689,0.2536439162734488
3,220.1508602142334,18.950531411328072,1.2094812870025635,0.17678018099104847,mean,forgy,dtw,2,"{'averaging_method': 'mean', 'init_algorithm': 'forgy', 'metric': 'dtw', 'n_clusters': 2}",0.4298245614035088,0.4298245614035088,0.4298245614035088,0.4298245614035088,0.3333333333333333,0.41052631578947374,0.038596491228070184,3,0.40499999999999997,0.40499999999999997,0.40499999999999997,0.40499999999999997,0.4298245614035088,0.40996491228070175,0.009929824561403521
