,AHA,AHA,AHA,AHA,AHA,MACS,MACS,MACS,MACS,MACS
,mean,median,var,std,count,mean,median,var,std,count
cluster,,,,,,,,,,
0,100.0,100.0,,,1,0.0,0.0,,,1
1,73.64285714285714,68.5,635.4337662337664,25.207811611359016,56,1.0892857142857142,1.0,1.2100649350649346,1.1000295155426216,56
2,75.0,75.0,,,1,1.0,1.0,,,1
3,65.0,65.0,,,1,1.0,1.0,,,1
4,100.0,100.0,,,1,0.0,0.0,,,1
