,mean_fit_time,std_fit_time,mean_score_time,std_score_time,param_shape_descriptor_function,params,split0_test_score,split1_test_score,split2_test_score,split3_test_score,split4_test_score,mean_test_score,std_test_score,rank_test_score,split0_train_score,split1_train_score,split2_train_score,split3_train_score,split4_train_score,mean_train_score,std_train_score
0,82.84156589508056,0.8504396359312444,26.806828927993774,0.5582079776129218,raw,{'shape_descriptor_function': 'raw'},0.4298245614035088,0.4298245614035088,0.4298245614035088,0.5925925925925927,0.6249999999999999,0.5014132553606239,0.088274773628796,1,1.0,1.0,1.0,1.0,1.0,1.0,0.0
1,160.42139835357665,1.2074331951374822,50.87579998970032,0.7050852654688543,slope,{'shape_descriptor_function': 'slope'},0.5,0.35185185185185186,0.38888888888888884,0.40370370370370373,0.3333333333333333,0.39555555555555555,0.05796740013781882,2,1.0,1.0,1.0,1.0,1.0,1.0,0.0
