,AHA,AHA,AHA,AHA
,mean,median,var,std
cluster,,,,
0,100.0,100.0,0.0,0.0
1,60.61538461538461,55.0,400.1902834008095,20.004756519408314
