,mean_fit_time,std_fit_time,mean_score_time,std_score_time,param_shape_descriptor_function,params,split0_test_score,split1_test_score,split2_test_score,split3_test_score,split4_test_score,mean_test_score,std_test_score,rank_test_score,split0_train_score,split1_train_score,split2_train_score,split3_train_score,split4_train_score,mean_train_score,std_train_score
0,84.79579176902772,1.509727923175834,23.35606245994568,0.6763533683458047,raw,{'shape_descriptor_function': 'raw'},1.0,0.9397814461753081,0.9353864734299517,1.0,0.9361471861471862,0.9622630211504891,0.030847904350330232,1,1.0,1.0,1.0,1.0,1.0,1.0,0.0
1,182.65546345710754,3.641825774965303,50.36820902824402,1.1126896933618593,slope,{'shape_descriptor_function': 'slope'},0.3211558307533539,0.5084033613445379,0.49500000000000005,0.5181159420289855,0.7934782608695653,0.5272306789992885,0.1515460200204681,2,1.0,1.0,1.0,1.0,1.0,1.0,0.0
