,AHA,AHA,AHA,AHA
,mean,median,var,std
cluster,,,,
0,74.4,72.0,616.6169491525417,24.831772976421593
