,mean_fit_time,std_fit_time,mean_score_time,std_score_time,param_averaging_method,param_init_algorithm,param_metric,param_n_clusters,params,split0_test_score,split1_test_score,split2_test_score,split3_test_score,split4_test_score,mean_test_score,std_test_score,rank_test_score,split0_train_score,split1_train_score,split2_train_score,split3_train_score,split4_train_score,mean_train_score,std_train_score
0,0.5429991722106934,0.005690548707577837,0.0025981903076171876,0.0004894196893873526,mean,kmeans++,euclidean,2,"{'averaging_method': 'mean', 'init_algorithm': 'kmeans++', 'metric': 'euclidean', 'n_clusters': 2}",1.0,0.8823529411764706,1.0,0.7934782608695653,1.0,0.9351662404092072,0.08423179597978749,2,0.9389931207004377,0.9692307692307692,0.9380165289256198,0.8535109271951378,0.9217043119482143,0.9242911316000357,0.03857624921410922
1,126.97601575851441,2.745802250021527,0.6795925617218017,0.0393895829206676,mean,kmeans++,dtw,2,"{'averaging_method': 'mean', 'init_algorithm': 'kmeans++', 'metric': 'dtw', 'n_clusters': 2}",0.5084033613445379,0.5084033613445379,0.5601851851851851,0.4807692307692308,0.4807692307692308,0.5077060738825445,0.029004194788157116,3,0.5072609633357297,0.5072609633357297,0.4949494949494949,0.5140394773422297,0.5140394773422297,0.5075100752610827,0.006973642869277509
2,0.03738789558410645,0.007727043658762383,0.0027987480163574217,0.00040030976145277123,mean,forgy,euclidean,2,"{'averaging_method': 'mean', 'init_algorithm': 'forgy', 'metric': 'euclidean', 'n_clusters': 2}",1.0,0.8823529411764706,0.9353864734299517,1.0,1.0,0.9635478829212845,0.04769057363472032,1,0.984686372330566,0.9845349421820009,0.8741702741702742,0.9547616338605075,0.8668240850059031,0.9329954615098502,0.05223234308776898
3,94.50387125015259,6.915888885256788,0.5952066421508789,0.06096648751894967,mean,forgy,dtw,2,"{'averaging_method': 'mean', 'init_algorithm': 'forgy', 'metric': 'dtw', 'n_clusters': 2}",0.5084033613445379,0.5084033613445379,0.5601851851851851,0.4807692307692308,0.4807692307692308,0.5077060738825445,0.029004194788157116,3,0.5072609633357297,0.5072609633357297,0.4949494949494949,0.5140394773422297,0.5140394773422297,0.5075100752610827,0.006973642869277509
