,mean_fit_time,std_fit_time,mean_score_time,std_score_time,param_feature_selection,params,split0_test_score,split1_test_score,split2_test_score,split3_test_score,split4_test_score,mean_test_score,std_test_score,rank_test_score,split0_train_score,split1_train_score,split2_train_score,split3_train_score,split4_train_score,mean_train_score,std_train_score
0,120.07155590057373,1.1240653038887516,0.8474017143249511,0.11266981279111844,chi2,{'feature_selection': 'chi2'},0.7679738562091503,1.0,0.8791666666666667,0.938259109311741,1.0,0.9170799264375116,0.08702881181750514,2,1.0,1.0,1.0,1.0,1.0,1.0,0.0
1,78.51767749786377,0.775961378480943,0.6201993942260742,0.09744067298848488,none,{'feature_selection': 'none'},0.9420383538030597,1.0,1.0,0.7934782608695653,1.0,0.947103322934525,0.08002560707732602,1,1.0,1.0,1.0,1.0,1.0,1.0,0.0
