,AHA,AHA,AHA,AHA,AHA,MACS,MACS,MACS,MACS,MACS
,mean,median,var,std,count,mean,median,var,std,count
cluster,,,,,,,,,,
0,51.857142857142854,53.0,122.2285714285714,11.055703117783663,21,2.0,2.0,0.4000000000000001,0.6324555320336759,21
1,58.73529411764706,53.0,423.5338680926916,20.579938486125062,34,1.6764705882352942,2.0,0.9527629233511584,0.9760957552162383,34
2,97.81481481481481,100.0,66.31054131054131,8.143128471941315,27,0.07407407407407407,0.0,0.07122507122507121,0.26688025634181184,27
