,AHA,AHA,AHA,AHA,AHA,MACS,MACS,MACS,MACS,MACS
,mean,median,var,std,count,mean,median,var,std,count
cluster,,,,,,,,,,
0,100.0,100.0,,,1,0.0,0.0,,,1
1,55.666666666666664,53.0,277.4166666666668,16.6558298102096,33,1.8181818181818181,2.0,0.7159090909090907,0.8461141122266492,33
2,100.0,100.0,,,1,0.0,0.0,,,1
3,97.08,100.0,72.99333333333325,8.543613599252557,25,0.12,0.0,0.11,0.33166247903553997,25
