,AHA,AHA,AHA,AHA
,mean,median,var,std
cluster,,,,
0,51.114754098360656,50.0,246.80327868852464,15.709973860211374
1,55.803030303030305,53.5,119.82214452214451,10.946330185141708
