,AHA,AHA,AHA,AHA,AHA,MACS,MACS,MACS,MACS,MACS
,mean,median,var,std,count,mean,median,var,std,count
cluster,,,,,,,,,,
0,66.5,54.5,950.7222222222222,30.83378378049347,10,1.3,1.5,1.566666666666667,1.2516655570345727,10
1,68.92307692307692,65.0,565.7435897435898,23.785365032800943,13,1.3076923076923077,1.0,1.2307692307692306,1.109400392450458,13
2,85.0,100.0,349.2,18.686893802876924,11,0.5454545454545454,0.0,0.4727272727272728,0.6875516509523286,11
3,76.5,73.5,438.3,20.935615586841482,6,1.0,1.0,0.8,0.8944271909999159,6
4,61.333333333333336,57.0,574.0,23.958297101421877,9,1.6666666666666667,2.0,1.25,1.118033988749895,9
5,87.0,100.0,519.9999999999999,22.80350850198276,11,0.5454545454545454,0.0,1.0727272727272728,1.0357254813546264,11
