,mean_fit_time,std_fit_time,mean_score_time,std_score_time,param_averaging_method,param_init_algorithm,param_metric,param_n_clusters,params,split0_test_score,split1_test_score,split2_test_score,split3_test_score,split4_test_score,mean_test_score,std_test_score,rank_test_score,split0_train_score,split1_train_score,split2_train_score,split3_train_score,split4_train_score,mean_train_score,std_train_score
0,0.109199857711792,0.04430903212796666,0.0019979000091552733,4.70694071931956e-06,mean,kmeans++,euclidean,2,"{'averaging_method': 'mean', 'init_algorithm': 'kmeans++', 'metric': 'euclidean', 'n_clusters': 2}",0.95,1.0,0.95,0.9493589743589745,0.8987179487179486,0.9496153846153845,0.03202973634795324,3,0.9560647236469604,0.9498579178506846,0.9624154005188118,0.9563466611637543,0.9687219442218035,0.958681329480403,0.006401673623810108
1,85.64209032058716,148.15918749933107,0.052003908157348636,0.005729867138536632,mean,kmeans++,dtw,2,"{'averaging_method': 'mean', 'init_algorithm': 'kmeans++', 'metric': 'dtw', 'n_clusters': 2}",0.9506666666666668,0.9751859364435429,0.9751481237656353,0.9243440156274749,0.9243440156274749,0.9499377516261589,0.02273166805080793,1,0.9560647236469604,0.9436632412466704,0.9438418888361352,0.950308363370093,0.9441608552515133,0.9476078144702743,0.0049078642776073005
2,0.04020018577575683,0.0054579731781969065,0.0023963451385498047,0.0004931959021922758,mean,forgy,euclidean,2,"{'averaging_method': 'mean', 'init_algorithm': 'forgy', 'metric': 'euclidean', 'n_clusters': 2}",0.95,1.0,0.95,0.9493589743589745,0.8987179487179486,0.9496153846153845,0.03202973634795324,3,0.9560647236469604,0.9498579178506846,0.9624154005188118,0.9563466611637543,0.9624026488530439,0.9574174704066511,0.004689449874460085
3,106.74018688201905,193.42706087607237,0.05139908790588379,0.004794611109463755,mean,forgy,dtw,2,"{'averaging_method': 'mean', 'init_algorithm': 'forgy', 'metric': 'dtw', 'n_clusters': 2}",0.9506666666666668,0.9751859364435429,0.9751481237656353,0.9243440156274749,0.9243440156274749,0.9499377516261589,0.02273166805080793,1,0.9560647236469604,0.9436632412466704,0.9438418888361352,0.950308363370093,0.950308363370093,0.9488373160939905,0.004653788223114088
