,AHA,AHA,AHA,AHA,AHA,MACS,MACS,MACS,MACS,MACS
,mean,median,var,std,count,mean,median,var,std,count
cluster,,,,,,,,,,
0,63.0,63.0,,,1,1.0,1.0,,,1
1,73.83333333333333,72.5,517.2424242424244,22.74296428002349,12,1.0833333333333333,1.0,0.9924242424242425,0.996204919895622,12
2,100.0,100.0,,,1,0.0,0.0,,,1
3,100.0,100.0,,,1,0.0,0.0,,,1
4,64.63636363636364,56.0,716.2424242424245,26.762705846801524,22,1.5,2.0,1.4047619047619042,1.1852265204432038,22
5,53.0,52.0,109.0,10.44030650891055,5,1.6,2.0,0.30000000000000004,0.5477225575051662,5
6,100.0,100.0,,,1,0.0,0.0,,,1
7,100.0,100.0,,,1,0.0,0.0,,,1
8,100.0,100.0,,,1,0.0,0.0,,,1
9,100.0,100.0,,,1,0.0,0.0,,,1
10,100.0,100.0,,,1,0.0,0.0,,,1
11,100.0,100.0,,,1,0.0,0.0,,,1
12,65.0,65.0,,,1,1.0,1.0,,,1
13,100.0,100.0,,,1,0.0,0.0,,,1
14,75.0,75.0,,,1,1.0,1.0,,,1
15,78.0,78.0,,,1,1.0,1.0,,,1
16,100.0,100.0,,,1,0.0,0.0,,,1
17,100.0,100.0,,,1,0.0,0.0,,,1
18,53.0,53.0,,,1,3.0,3.0,,,1
19,100.0,100.0,,,1,0.0,0.0,,,1
20,57.0,57.0,,,1,2.0,2.0,,,1
21,100.0,100.0,,,1,0.0,0.0,,,1
22,100.0,100.0,,,1,0.0,0.0,,,1
23,100.0,100.0,,,1,0.0,0.0,,,1
