,mean_fit_time,std_fit_time,mean_score_time,std_score_time,param_init_algorithm,param_metric,param_n_clusters,params,split0_test_score,split1_test_score,split2_test_score,split3_test_score,split4_test_score,mean_test_score,std_test_score,rank_test_score,split0_train_score,split1_train_score,split2_train_score,split3_train_score,split4_train_score,mean_train_score,std_train_score
0,0.03560514450073242,0.0031472446910269553,0.0018032550811767577,0.00040128617975807035,forgy,euclidean,2,"{'init_algorithm': 'forgy', 'metric': 'euclidean', 'n_clusters': 2}",1.0,0.9148148148148149,1.0,1.0,0.9160839160839161,0.9661797461797462,0.04142312656599826,2,0.9367408906882592,0.9580357142857143,0.9580357142857143,1.0,0.8926619828259171,0.949094860417121,0.03489556193282151
1,48.18519191741943,1.6725061770427887,0.377200984954834,0.024316042726274103,forgy,dtw,2,"{'init_algorithm': 'forgy', 'metric': 'dtw', 'n_clusters': 2}",1.0,0.9148148148148149,0.9172494172494172,0.8229166666666666,0.9160839160839161,0.914212962962963,0.056049107373590173,3,0.9583333333333334,0.9367408906882592,0.9791019955654102,0.9367408906882592,0.9365551992670635,0.9494944619084651,0.017014484257557683
2,0.04959015846252442,0.004620253979463865,0.0022019386291503907,0.0004003563967508898,random,euclidean,2,"{'init_algorithm': 'random', 'metric': 'euclidean', 'n_clusters': 2}",1.0,0.9148148148148149,1.0,1.0,1.0,0.9829629629629629,0.03407407407407406,1,0.9367408906882592,0.9580357142857143,1.0,1.0,0.979231337767923,0.9748015885483794,0.024573375099522784
3,36.89202542304993,2.1766028882362134,0.27798285484313967,0.016230021576214913,random,dtw,2,"{'init_algorithm': 'random', 'metric': 'dtw', 'n_clusters': 2}",1.0,0.9148148148148149,0.9172494172494172,0.8229166666666666,0.9160839160839161,0.914212962962963,0.056049107373590173,3,0.9583333333333334,0.9367408906882592,0.9791019955654102,0.9367408906882592,0.9365551992670635,0.9494944619084651,0.017014484257557683
