,AHA,AHA,AHA,AHA
,mean,median,var,std
cluster,,,,
0,50.666666666666664,50.0,264.78666666666663,16.27226679558403
1,55.48684210526316,54.0,124.59982456140347,11.162429151461767
