,AHA,AHA,AHA,AHA,AHA,MACS,MACS,MACS,MACS,MACS
,mean,median,var,std,count,mean,median,var,std,count
cluster,,,,,,,,,,
0,82.55555555555556,100.0,532.2614379084964,23.070791878661133,18,0.6111111111111112,0.0,0.7222222222222222,0.8498365855987975,18
1,100.0,100.0,0.0,0.0,37,0.0,0.0,0.0,0.0,37
2,58.97826086956522,54.0,263.53285024154604,16.23369490416603,46,1.6956521739130435,2.0,0.7053140096618359,0.839829750402923,46
3,64.88135593220339,59.0,740.6925774400938,27.215667866875762,59,1.4576271186440677,1.0,1.3559322033898318,1.1644450194791645,59
4,56.648648648648646,53.0,215.4564564564565,14.678435081998915,37,1.7567567567567568,2.0,0.6891891891891891,0.8301741920760902,37
5,78.0,78.0,,,1,1.0,1.0,,,1
