{
    "Best index": 1,
    "Best score": 0.6901462807345161,
    "Refit time": 104.98017430305481,
    "Best params": {
        "shape_descriptor_function": "paa"
    },
    "Hemi cluster": 1
}