,mean_fit_time,std_fit_time,mean_score_time,std_score_time,param_shape_descriptor_function,params,split0_test_score,split1_test_score,split2_test_score,split3_test_score,split4_test_score,mean_test_score,std_test_score,rank_test_score,split0_train_score,split1_train_score,split2_train_score,split3_train_score,split4_train_score,mean_train_score,std_train_score
0,61.286093139648436,0.2739701452259094,17.29780168533325,0.617487349955838,raw,{'shape_descriptor_function': 'raw'},0.6280734516028632,0.6280734516028632,0.6858974358974359,0.6071428571428571,0.4807692307692308,0.60599128540305,0.0678853829615344,1,1.0,1.0,1.0,1.0,1.0,1.0,0.0
1,119.96171617507935,1.2381361823057755,34.90114030838013,0.6299617947617778,slope,{'shape_descriptor_function': 'slope'},0.160427807486631,0.2676147382029735,0.27083333333333337,0.2540485829959514,0.20454545454545453,0.23149398331286877,0.04274956820839635,2,1.0,1.0,1.0,1.0,1.0,1.0,0.0
