,mean_fit_time,std_fit_time,mean_score_time,std_score_time,param_shape_descriptor_function,params,split0_test_score,split1_test_score,split2_test_score,split3_test_score,split4_test_score,mean_test_score,std_test_score,rank_test_score,split0_train_score,split1_train_score,split2_train_score,split3_train_score,split4_train_score,mean_train_score,std_train_score
0,70.2598753452301,1.3061442845297926,22.478783082962035,0.7374296735815608,raw,{'shape_descriptor_function': 'raw'},0.5084033613445379,0.5084033613445379,0.7835714285714286,0.6071428571428571,0.6071428571428571,0.6029327731092438,0.10053595659214538,1,1.0,1.0,1.0,1.0,1.0,1.0,0.0
1,148.75376954078675,1.7219933653408157,44.63815336227417,1.302609545535885,slope,{'shape_descriptor_function': 'slope'},0.160427807486631,0.160427807486631,0.2373481781376518,0.17857142857142855,0.32792207792207795,0.2129394599208841,0.0640513806704942,2,1.0,1.0,1.0,1.0,1.0,1.0,0.0
