,AHA,AHA,AHA,AHA,AHA,MACS,MACS,MACS,MACS,MACS
,mean,median,var,std,count,mean,median,var,std,count
cluster,,,,,,,,,,
0,50.87096774193548,50.0,65.38279569892474,8.085962880135225,31,2.064516129032258,2.0,0.4623655913978493,0.6799746990865537,31
1,69.21739130434783,64.0,403.35968379446626,20.083816464867088,23,1.1304347826086956,1.0,0.7549407114624503,0.8688732424597102,23
2,99.0,100.0,21.323076923076894,4.6176917310575085,66,0.045454545454545456,0.0,0.04405594405594405,0.20989507868443236,66
3,53.82051282051282,53.5,286.38295038295024,16.922852903188346,78,1.8974358974358974,2.0,0.6646686646686645,0.8152721414771048,78
