,mean_fit_time,std_fit_time,mean_score_time,std_score_time,param_averaging_method,param_init_algorithm,param_metric,param_n_clusters,params,split0_test_score,split1_test_score,split2_test_score,split3_test_score,split4_test_score,mean_test_score,std_test_score,rank_test_score,split0_train_score,split1_train_score,split2_train_score,split3_train_score,split4_train_score,mean_train_score,std_train_score
0,0.04742002487182617,0.0010378305374565651,0.0028053760528564454,0.0011635280584642083,mean,kmeans++,euclidean,2,"{'averaging_method': 'mean', 'init_algorithm': 'kmeans++', 'metric': 'euclidean', 'n_clusters': 2}",0.888888888888889,1.0,1.0,1.0,1.0,0.9777777777777779,0.04444444444444442,1,1.0,0.9500000000000001,0.9500000000000001,0.975609756097561,0.9473684210526316,0.9645956354300387,0.020482294535035916
1,0.028801107406616212,0.0023172957751201846,0.002999401092529297,3.9251548056138376e-06,mean,forgy,euclidean,2,"{'averaging_method': 'mean', 'init_algorithm': 'forgy', 'metric': 'euclidean', 'n_clusters': 2}",0.888888888888889,1.0,1.0,1.0,1.0,0.9777777777777779,0.04444444444444442,1,1.0,0.975609756097561,0.9523809523809523,0.9500000000000001,0.9743589743589743,0.9704699365674976,0.01821975114018426
