,AHA,AHA,AHA,AHA,AHA,MACS,MACS,MACS,MACS,MACS
,mean,median,var,std,count,mean,median,var,std,count
cluster,,,,,,,,,,
0,77.49122807017544,78.0,507.718671679198,22.532613511956352,57,0.8596491228070176,1.0,0.8370927318295732,0.9149277194563368,57
1,57.08888888888889,53.0,442.3555555555555,21.032250368316642,45,1.8222222222222222,2.0,1.0585858585858587,1.0288760171108366,45
2,56.27777777777778,53.0,318.9183006535949,17.858283810422403,18,1.7777777777777777,2.0,0.8888888888888888,0.9428090415820634,18
3,75.66666666666667,78.0,670.692640692641,25.897734277203497,78,1.0,1.0,1.1948051948051952,1.0930714500000425,78
