,AHA,AHA,AHA,AHA
,mean,median,var,std
cluster,,,,
0,59.0,55.0,189.25,13.756816492197604
1,50.666666666666664,49.5,160.5714285714286,12.671678206592393
