,AHA,AHA,AHA,AHA,AHA,MACS,MACS,MACS,MACS,MACS
,mean,median,var,std,count,mean,median,var,std,count
cluster,,,,,,,,,,
0,69.84146341463415,63.5,620.4807286961758,24.909450590010525,82,1.2317073170731707,1.0,1.1925624811803672,1.0920450911845936,82
