,AHA,AHA,AHA,AHA,AHA,MACS,MACS,MACS,MACS,MACS
,mean,median,var,std,count,mean,median,var,std,count
cluster,,,,,,,,,,
0,100.0,100.0,,,1,0.0,0.0,,,1
1,63.94444444444444,61.0,313.937908496732,17.7182930469256,18,1.5,1.0,0.8529411764705882,0.9235481451827989,18
2,100.0,100.0,0.0,0.0,21,0.0,0.0,0.0,0.0,21
3,50.72222222222222,49.5,191.50653594771245,13.838588654473131,18,2.0,2.0,0.47058823529411764,0.6859943405700354,18
4,100.0,100.0,,,1,0.0,0.0,,,1
5,100.0,100.0,,,1,0.0,0.0,,,1
