,AHA,AHA,AHA,AHA,AHA,MACS,MACS,MACS,MACS,MACS
,mean,median,var,std,count,mean,median,var,std,count
cluster,,,,,,,,,,
0,65.45454545454545,61.0,614.7359307359308,24.793868813396806,22,1.4545454545454546,1.0,1.307359307359307,1.1433981403515168,22
1,99.05263157894737,100.0,51.15789473684209,7.152474728151235,57,0.03508771929824561,0.0,0.0701754385964912,0.2649064714130087,57
2,66.34693877551021,64.0,381.1062925170067,19.5219438713722,49,1.3061224489795917,1.0,0.8418367346938775,0.917516612761795,49
3,50.91428571428571,52.0,185.06501035196678,13.603860126889234,70,2.0428571428571427,2.0,0.47639751552795,0.6902155572920318,70
