,AHA,AHA,AHA,AHA,AHA,MACS,MACS,MACS,MACS,MACS
,mean,median,var,std,count,mean,median,var,std,count
cluster,,,,,,,,,,
0,53.339622641509436,53.0,181.72859216255438,13.480674766589186,53,1.9056603773584906,2.0,0.548621190130624,0.7406896719481271,53
1,100.0,100.0,0.0,0.0,29,0.0,0.0,0.0,0.0,29
