,AHA,AHA,AHA,AHA,AHA,MACS,MACS,MACS,MACS,MACS
,mean,median,var,std,count,mean,median,var,std,count
cluster,,,,,,,,,,
0,100.0,100.0,,,1,0.0,0.0,,,1
1,80.26666666666667,89.0,469.78850574712635,21.674605088608335,30,0.8,0.5,0.9931034482758622,0.9965457582448797,30
2,63.11764705882353,54.0,603.1858823529415,24.559842881275554,51,1.5098039215686274,2.0,1.1349019607843145,1.0653177745557025,51
