,mean_fit_time,std_fit_time,mean_score_time,std_score_time,param_init_algorithm,param_metric,param_n_clusters,params,split0_test_score,split1_test_score,split2_test_score,split3_test_score,split4_test_score,mean_test_score,std_test_score,rank_test_score,split0_train_score,split1_train_score,split2_train_score,split3_train_score,split4_train_score,mean_train_score,std_train_score
0,0.4306029796600342,0.003318761951530233,0.002199411392211914,0.0004008156837416329,forgy,euclidean,2,"{'init_algorithm': 'forgy', 'metric': 'euclidean', 'n_clusters': 2}",0.5740740740740741,0.47142857142857136,0.5740740740740741,0.5925925925925927,0.5,0.5424338624338624,0.04766652542028444,3,0.5416666666666666,0.5218845985081176,0.5,0.7227272727272727,0.5239651416122005,0.5620487359028515,0.08142061735983741
1,175.00411438941956,4.447670543417423,1.0258526802062988,0.09962328842182727,forgy,dtw,2,"{'init_algorithm': 'forgy', 'metric': 'dtw', 'n_clusters': 2}",0.7184873949579833,0.5925925925925927,0.8229166666666666,0.7184873949579833,1.0,0.7704968098350451,0.13599957696294318,1,0.8244781783681215,0.8045081967213115,0.8003246753246754,0.8244781783681215,0.9148148148148149,0.833720808719409,0.0417510926364641
2,0.06504287719726562,0.004357070341155947,0.0030035972595214844,0.0006315084137118749,random,euclidean,2,"{'init_algorithm': 'random', 'metric': 'euclidean', 'n_clusters': 2}",0.5740740740740741,0.47142857142857136,0.5740740740740741,0.4298245614035088,0.5,0.5098802561960456,0.05696798802869466,4,0.5416666666666666,0.5218845985081176,0.5,0.47500000000000003,0.5239651416122005,0.512503281357397,0.02294652283878446
3,158.86920342445373,10.202228620199152,0.8060150623321534,0.12137382429106017,random,dtw,2,"{'init_algorithm': 'random', 'metric': 'dtw', 'n_clusters': 2}",0.6666666666666666,0.5925925925925927,0.8229166666666666,0.7184873949579833,1.0,0.7601326641767818,0.14143413059716572,2,0.5359311740890688,0.8045081967213115,0.8003246753246754,0.8244781783681215,0.9148148148148149,0.7760114078635985,0.1270095541472931
