,AHA,AHA,AHA,AHA,AHA,MACS,MACS,MACS,MACS,MACS
,mean,median,var,std,count,mean,median,var,std,count
cluster,,,,,,,,,,
0,54.8235294117647,53.5,191.24064171122996,13.828978332155632,34,1.8529411764705883,2.0,0.5534759358288769,0.7439596331985203,34
1,100.0,100.0,0.0,0.0,26,0.0,0.0,0.0,0.0,26
