,AHA,AHA,AHA,AHA
,mean,median,var,std
cluster,,,,
2,79.3974358974359,100.0,700.9438894438888,26.475344935314606
3,64.23333333333333,57.0,476.49971988795454,21.828873536853763
