,mean_fit_time,std_fit_time,mean_score_time,std_score_time,param_averaging_method,param_init_algorithm,param_metric,param_n_clusters,params,split0_test_score,split1_test_score,split2_test_score,split3_test_score,split4_test_score,mean_test_score,std_test_score,rank_test_score,split0_train_score,split1_train_score,split2_train_score,split3_train_score,split4_train_score,mean_train_score,std_train_score
0,0.2002002239227295,0.058746151207729455,0.0026021480560302736,0.00048749932343935073,mean,kmeans++,euclidean,2,"{'averaging_method': 'mean', 'init_algorithm': 'kmeans++', 'metric': 'euclidean', 'n_clusters': 2}",0.9397814461753081,1.0,0.9388528138528138,1.0,1.0,0.9757268520056244,0.02972986387682139,1,0.984686372330566,0.9377785005691983,0.9847764250768005,0.9547616338605075,0.9547616338605075,0.9633529131395159,0.018524330392215706
1,0.031197452545166017,0.005497084714376659,0.0024015426635742186,0.0010136527370627818,mean,forgy,euclidean,2,"{'averaging_method': 'mean', 'init_algorithm': 'forgy', 'metric': 'euclidean', 'n_clusters': 2}",0.9397814461753081,1.0,0.9388528138528138,0.9361471861471862,1.0,0.9629562892350616,0.030269628009593996,2,0.9694965603502189,0.9377785005691983,0.9847764250768005,0.9693526170798898,0.9849205446201691,0.9692649295392555,0.01718814317252934
