,AHA,AHA,AHA,AHA
,mean,median,var,std
cluster,,,,
0,55.25806451612903,53.0,202.6645161290322,14.236028804727539
1,40.0,40.0,,
2,54.0,54.0,,
3,57.0,57.0,,
