,AHA,AHA,AHA,AHA,AHA,MACS,MACS,MACS,MACS,MACS
,mean,median,var,std,count,mean,median,var,std,count
cluster,,,,,,,,,,
0,57.94444444444444,54.0,329.88253968253963,18.162668848011837,36,1.7222222222222223,2.0,0.7777777777777778,0.8819171036881969,36
1,100.0,100.0,0.0,0.0,17,0.0,0.0,0.0,0.0,17
2,96.85714285714286,100.0,69.14285714285715,8.315218406203,7,0.14285714285714285,0.0,0.14285714285714288,0.37796447300922725,7
