,mean_fit_time,std_fit_time,mean_score_time,std_score_time,param_init_algorithm,param_metric,param_n_clusters,params,split0_test_score,split1_test_score,split2_test_score,split3_test_score,split4_test_score,mean_test_score,std_test_score,rank_test_score,split0_train_score,split1_train_score,split2_train_score,split3_train_score,split4_train_score,mean_train_score,std_train_score
0,0.2552031517028809,0.0066205601783031415,0.0024028301239013674,0.0007978473671691734,forgy,euclidean,2,"{'init_algorithm': 'forgy', 'metric': 'euclidean', 'n_clusters': 2}",0.5084033613445379,0.5969040247678018,0.6942640692640693,0.5678137651821862,0.6309523809523809,0.5996675203021952,0.062094597050726445,4,0.5415336236090953,0.5175950486295314,0.6529718130406599,0.5926938732908882,0.5223013545594191,0.5654191426259187,0.051237069905732936
1,108.08320894241334,4.269277771741942,0.6585921287536621,0.015792333183515552,forgy,dtw,2,"{'init_algorithm': 'forgy', 'metric': 'dtw', 'n_clusters': 2}",1.0,0.8047058823529412,0.875,0.7083333333333333,0.6557971014492753,0.8087672634271099,0.12203284354379884,1,0.7801503759398496,0.8366484773807428,0.7382920110192837,0.7832463069576472,0.7157311993800807,0.7708136741355207,0.041635809767169366
2,0.06839265823364257,0.009972496134339346,0.002403068542480469,0.0004842241640177055,random,euclidean,2,"{'init_algorithm': 'random', 'metric': 'euclidean', 'n_clusters': 2}",0.7120743034055728,0.6546218487394959,0.6369047619047619,0.5678137651821862,0.553030303030303,0.624888996452464,0.058396836760103224,3,0.6443036701860231,0.6615384615384615,0.5515734265734266,0.5926938732908882,0.6858081677358786,0.6271835198649356,0.04861405728954016
3,99.40438232421874,3.260753670126216,0.5487975597381591,0.0509120366754919,random,dtw,2,"{'init_algorithm': 'random', 'metric': 'dtw', 'n_clusters': 2}",1.0,0.8047058823529412,0.7583333333333333,0.5181159420289855,0.7934782608695653,0.774926683716965,0.1536984422251423,2,0.7801503759398496,0.8867850098619329,0.6779488552684428,0.5960557960557961,0.838983338423428,0.7559846751098899,0.10606443542819564
