,AHA,AHA,AHA,AHA
,mean,median,var,std
cluster,,,,
0,96.8076923076923,100.0,112.94268476621426,10.627449588975441
1,60.73287671232877,54.5,454.3902220122813,21.316430799087385
