,AHA,AHA,AHA,AHA
,mean,median,var,std
cluster,,,,
0,97.8076923076923,100.0,63.3615384615384,7.959996134517805
1,56.857142857142854,53.5,343.61558441558446,18.53687094456841
