,mean_fit_time,std_fit_time,mean_score_time,std_score_time,param_averaging_method,param_init_algorithm,param_metric,param_n_clusters,params,split0_test_score,split1_test_score,split2_test_score,split3_test_score,split4_test_score,mean_test_score,std_test_score,rank_test_score,split0_train_score,split1_train_score,split2_train_score,split3_train_score,split4_train_score,mean_train_score,std_train_score
0,0.18140206336975098,0.05154766595602021,0.002600240707397461,0.0012014881440522093,mean,kmeans++,euclidean,2,"{'averaging_method': 'mean', 'init_algorithm': 'kmeans++', 'metric': 'euclidean', 'n_clusters': 2}",0.9333333333333333,0.896551724137931,1.0,0.9655172413793104,0.896551724137931,0.9383908045977012,0.04014506658012519,1,0.9491525423728813,0.9473684210526315,0.9333333333333333,0.9380530973451328,0.9491525423728813,0.9434119872953721,0.006509351434001858
1,0.07059998512268066,0.005468045587886446,0.0029965877532958985,7.962752233624985e-06,mean,forgy,euclidean,2,"{'averaging_method': 'mean', 'init_algorithm': 'forgy', 'metric': 'euclidean', 'n_clusters': 2}",0.9333333333333333,0.896551724137931,1.0,0.9655172413793104,0.896551724137931,0.9383908045977012,0.04014506658012519,1,0.9491525423728813,0.9579831932773109,0.9032258064516129,0.9380530973451328,0.9491525423728813,0.9395134363639638,0.019213960156334742
