,AHA,AHA,AHA,AHA
,mean,median,var,std
cluster,,,,
0,70.20707070707071,64.0,616.9873609188331,24.839230280321352
