,AHA,AHA,AHA,AHA
,mean,median,var,std
cluster,,,,
0,78.0,78.0,,
1,52.86538461538461,53.0,173.13838612368022,13.158206037438395
