,AHA,AHA,AHA,AHA,AHA,MACS,MACS,MACS,MACS,MACS
,mean,median,var,std,count,mean,median,var,std,count
cluster,,,,,,,,,,
0,53.1875,53.0,156.02822580645164,12.491125882259439,32,1.90625,2.0,0.5393145161290323,0.7343803620257232,32
1,98.5925925925926,100.0,26.40455840455846,5.138536601461398,27,0.07407407407407407,0.0,0.07122507122507121,0.26688025634181184,27
2,100.0,100.0,,,1,0.0,0.0,,,1
