,AHA,AHA,AHA,AHA
,mean,median,var,std
cluster,,,,
0,67.88311688311688,63.0,597.5782638414216,24.44541396338834
1,100.0,100.0,,
2,100.0,100.0,,
3,100.0,100.0,,
4,100.0,100.0,,
5,100.0,100.0,,
