,mean_fit_time,std_fit_time,mean_score_time,std_score_time,param_averaging_method,param_init_algorithm,param_metric,param_n_clusters,params,split0_test_score,split1_test_score,split2_test_score,split3_test_score,split4_test_score,mean_test_score,std_test_score,rank_test_score,split0_train_score,split1_train_score,split2_train_score,split3_train_score,split4_train_score,mean_train_score,std_train_score
0,0.4191988468170166,0.01313701596024725,0.0021978378295898437,0.0003972859031910384,mean,kmeans++,euclidean,2,"{'averaging_method': 'mean', 'init_algorithm': 'kmeans++', 'metric': 'euclidean', 'n_clusters': 2}",1.0,0.7857142857142858,1.0,0.8695652173913044,0.9,0.9110559006211181,0.08170230815529543,2,0.962962962962963,0.7924528301886793,0.975609756097561,0.8842105263157894,0.9545454545454545,0.9139563060220894,0.06855389902626506
1,0.24360547065734864,0.006214779770363767,0.003200054168701172,0.00039986402397831103,mean,forgy,euclidean,2,"{'averaging_method': 'mean', 'init_algorithm': 'forgy', 'metric': 'euclidean', 'n_clusters': 2}",0.9166666666666666,1.0,1.0,0.9523809523809523,0.9,0.9538095238095238,0.041338160788972775,1,0.8817204301075269,0.9647058823529412,0.9367088607594937,0.9772727272727273,0.9885057471264368,0.9497827295238253,0.038160909855895125
