,mean_fit_time,std_fit_time,mean_score_time,std_score_time,param_averaging_method,param_init_algorithm,param_metric,param_n_clusters,params,split0_test_score,split1_test_score,split2_test_score,split3_test_score,split4_test_score,mean_test_score,std_test_score,rank_test_score,split0_train_score,split1_train_score,split2_train_score,split3_train_score,split4_train_score,mean_train_score,std_train_score
0,0.2765838146209717,0.03288130182152123,0.002817869186401367,0.0007324371174875316,mean,kmeans++,euclidean,2,"{'averaging_method': 'mean', 'init_algorithm': 'kmeans++', 'metric': 'euclidean', 'n_clusters': 2}",1.0,1.0,0.888888888888889,1.0,1.0,0.9777777777777779,0.04444444444444442,1,0.9166666666666666,0.85,0.8292682926829268,0.9583333333333334,0.9565217391304348,0.9021580063626724,0.053581623739050545
1,0.04019718170166016,0.0011684626893591443,0.0036015033721923826,0.0004853135218376334,mean,forgy,euclidean,2,"{'averaging_method': 'mean', 'init_algorithm': 'forgy', 'metric': 'euclidean', 'n_clusters': 2}",0.5217391304347826,1.0,1.0,1.0,1.0,0.9043478260869566,0.19130434782608696,2,0.5057471264367817,0.878048780487805,0.8571428571428571,0.9565217391304348,0.9565217391304348,0.8307964484656626,0.16745009722817994
