,AHA,AHA,AHA,AHA,AHA,MACS,MACS,MACS,MACS,MACS
,mean,median,var,std,count,mean,median,var,std,count
cluster,,,,,,,,,,
0,50.06896551724138,49.0,211.70935960591137,14.550235723379583,29,2.0689655172413794,2.0,0.6379310344827587,0.7987058497862393,29
1,56.111111111111114,54.0,181.3611111111111,13.467037948677174,9,1.7777777777777777,2.0,0.4444444444444444,0.6666666666666666,9
2,78.0,78.0,,,1,1.0,1.0,,,1
3,56.57142857142857,53.0,72.1098901098901,8.49175424219814,14,1.7142857142857142,2.0,0.3736263736263736,0.6112498455021266,14
