,AHA,AHA,AHA,AHA,AHA,MACS,MACS,MACS,MACS,MACS
,mean,median,var,std,count,mean,median,var,std,count
cluster,,,,,,,,,,
0,63.0,63.0,,,1,1.0,1.0,,,1
1,53.15384615384615,53.0,183.42684766214174,13.543516812930891,52,1.9230769230769231,2.0,0.5429864253393666,0.7368761261836121,52
