{
    "Best index": 0,
    "Best score": 0.9380543284507479,
    "Refit time": 32.061716079711914,
    "Best params": {
        "shape_descriptor_function": "raw"
    }
}