,mean_fit_time,std_fit_time,mean_score_time,std_score_time,param_shape_descriptor_function,params,split0_test_score,split1_test_score,split2_test_score,split3_test_score,split4_test_score,mean_test_score,std_test_score,rank_test_score,split0_train_score,split1_train_score,split2_train_score,split3_train_score,split4_train_score,mean_train_score,std_train_score
0,33.190492391586304,0.7827439233636887,10.200010824203492,0.23015234280929375,raw,{'shape_descriptor_function': 'raw'},0.8823529411764706,1.0,1.0,1.0,0.938259109311741,0.9641224100976423,0.04736403856682357,1,1.0,1.0,1.0,1.0,1.0,1.0,0.0
1,83.70971069335937,2.8223555365839355,32.44292860031128,0.353722987625072,slope,{'shape_descriptor_function': 'slope'},0.47930283224400866,0.585972850678733,0.5288461538461537,0.5625,0.44433198380566796,0.5201907641149127,0.05218936222633022,2,1.0,1.0,1.0,1.0,1.0,1.0,0.0
