,AHA,AHA,AHA,AHA,AHA,MACS,MACS,MACS,MACS,MACS
,mean,median,var,std,count,mean,median,var,std,count
cluster,,,,,,,,,,
0,55.03636363636364,53.0,252.70235690235688,15.896614636530536,55,1.8363636363636364,2.0,0.657912457912458,0.8111180295816743,55
1,100.0,100.0,0.0,0.0,19,0.0,0.0,0.0,0.0,19
2,100.0,100.0,0.0,0.0,8,0.0,0.0,0.0,0.0,8
