,AHA,AHA,AHA,AHA,AHA,MACS,MACS,MACS,MACS,MACS
,mean,median,var,std,count,mean,median,var,std,count
cluster,,,,,,,,,,
0,61.47517730496454,54.0,493.95116514690943,22.225012151783165,141,1.5815602836879432,2.0,1.0165146909827754,1.008223532250054,141
1,91.80701754385964,100.0,268.7299498746867,16.392984776259837,57,0.3157894736842105,0.0,0.46992481203007497,0.6855106213838521,57
