,AHA,AHA,AHA,AHA,AHA,MACS,MACS,MACS,MACS,MACS
,mean,median,var,std,count,mean,median,var,std,count
cluster,,,,,,,,,,
0,53.666666666666664,51.0,179.5294117647059,13.398858599325015,18,2.0,2.0,0.7058823529411763,0.8401680504168058,18
1,78.0,78.0,,,1,1.0,1.0,,,1
2,54.666666666666664,54.0,192.6666666666666,13.880441875771341,15,1.7333333333333334,2.0,0.3523809523809523,0.5936168397046636,15
