,AHA,AHA,AHA,AHA,AHA,MACS,MACS,MACS,MACS,MACS
,mean,median,var,std,count,mean,median,var,std,count
cluster,,,,,,,,,,
0,68.41379310344827,65.5,792.6678765880214,28.154358038996758,58,1.2758620689655173,1.0,1.3962492437991538,1.181629909827588,58
1,99.26666666666667,100.0,16.133333333333375,4.016632088371224,30,0.03333333333333333,0.0,0.03333333333333333,0.18257418583505536,30
2,63.22727272727273,55.0,413.0029190992496,20.322473252516524,110,1.509090909090909,2.0,0.9311092577147626,0.9649400280404802,110
