,AHA,AHA,AHA,AHA,AHA,MACS,MACS,MACS,MACS,MACS
,mean,median,var,std,count,mean,median,var,std,count
cluster,,,,,,,,,,
0,57.5,57.5,60.5,7.7781745930520225,2,1.5,1.5,0.5,0.7071067811865476,2
1,54.06666666666667,54.0,199.09885057471266,14.110239210400108,30,1.9333333333333333,2.0,0.685057471264368,0.8276819867946674,30
2,41.0,41.0,,,1,3.0,3.0,,,1
3,78.0,78.0,,,1,1.0,1.0,,,1
4,50.94444444444444,49.0,158.87908496732027,12.604724708113235,18,1.9444444444444444,2.0,0.29084967320261446,0.5393048054696106,18
5,54.0,54.0,,,1,1.0,1.0,,,1
