,AHA,AHA,AHA,AHA,AHA,MACS,MACS,MACS,MACS,MACS
,mean,median,var,std,count,mean,median,var,std,count
cluster,,,,,,,,,,
0,63.0,63.0,,,1,1.0,1.0,,,1
1,54.125,52.5,79.55357142857142,8.919280880686033,8,1.75,2.0,0.21428571428571427,0.4629100498862757,8
2,78.0,78.0,,,1,1.0,1.0,,,1
3,55.588235294117645,54.0,264.63235294117646,16.267524487185394,17,1.8823529411764706,2.0,0.6102941176470589,0.781213234429025,17
4,46.666666666666664,44.0,79.86666666666667,8.93681524183345,6,2.3333333333333335,2.5,0.6666666666666666,0.816496580927726,6
5,65.0,65.0,,,1,1.0,1.0,,,1
