,mean_fit_time,std_fit_time,mean_score_time,std_score_time,param_shape_descriptor_function,params,split0_test_score,split1_test_score,split2_test_score,split3_test_score,split4_test_score,mean_test_score,std_test_score,rank_test_score,split0_train_score,split1_train_score,split2_train_score,split3_train_score,split4_train_score,mean_train_score,std_train_score
0,36.348781156539914,0.38043508273995885,11.134596967697144,0.12757119692819133,raw,{'shape_descriptor_function': 'raw'},0.9148148148148149,1.0,1.0,0.9148148148148149,0.9160839160839161,0.9491427091427092,0.04152738981242239,1,1.0,1.0,1.0,1.0,1.0,1.0,0.0
1,78.37519698143005,0.4658413633596301,24.104603958129882,0.21953925635306973,slope,{'shape_descriptor_function': 'slope'},0.5925925925925927,0.4298245614035088,0.38888888888888884,0.4298245614035088,0.3333333333333333,0.4348927875243665,0.0864306470828776,2,1.0,1.0,1.0,1.0,1.0,1.0,0.0
