,mean_fit_time,std_fit_time,mean_score_time,std_score_time,param_feature_selection,params,split0_test_score,split1_test_score,split2_test_score,split3_test_score,split4_test_score,mean_test_score,std_test_score,rank_test_score,split0_train_score,split1_train_score,split2_train_score,split3_train_score,split4_train_score,mean_train_score,std_train_score
0,167.81265797615052,0.908511705176755,1.5014249324798583,0.04426942419070192,chi2,{'feature_selection': 'chi2'},1.0,0.9172494172494172,0.8333333333333334,0.9172494172494172,1.0,0.9335664335664337,0.062299280771906884,1,1.0,1.0,1.0,1.0,1.0,1.0,0.0
1,87.23761200904846,0.6722139739571124,0.4295997142791748,0.15224860109054483,none,{'feature_selection': 'none'},1.0,0.9172494172494172,0.9172494172494172,1.0,0.8285714285714286,0.9326140526140525,0.06384159062500643,2,1.0,1.0,1.0,1.0,1.0,1.0,0.0
