,AHA,AHA,AHA,AHA
,mean,median,var,std
cluster,,,,
0,55.84848484848485,53.0,279.75757575757564,16.725955152324655
1,78.0,78.0,,
2,100.0,100.0,0.0,0.0
