,AHA,AHA,AHA,AHA,AHA,MACS,MACS,MACS,MACS,MACS
,mean,median,var,std,count,mean,median,var,std,count
cluster,,,,,,,,,,
0,59.578947368421055,54.5,367.98008534850624,19.182807024742395,38,1.6578947368421053,2.0,0.8257467994310098,0.9087061127950058,38
1,100.0,100.0,0.0,0.0,22,0.0,0.0,0.0,0.0,22
