,mean_fit_time,std_fit_time,mean_score_time,std_score_time,param_feature_selection,params,split0_test_score,split1_test_score,split2_test_score,split3_test_score,split4_test_score,mean_test_score,std_test_score,rank_test_score,split0_train_score,split1_train_score,split2_train_score,split3_train_score,split4_train_score,mean_train_score,std_train_score
0,340.121984577179,1.4868661847971825,3.2906006813049316,0.2797250710979242,chi2,{'feature_selection': 'chi2'},0.9243186582809224,0.8668954996186118,0.9748140635564571,0.9206386066763427,0.9206386066763427,0.9214610869617352,0.03415687952697356,2,1.0,1.0,1.0,1.0,1.0,1.0,0.0
1,213.90519614219664,1.5988956469235298,1.0360004425048828,0.23380283149373954,none,{'feature_selection': 'none'},1.0,0.8709090909090909,1.0,0.8954635108481261,0.9477317554240631,0.942820871436256,0.05287162953535923,1,1.0,1.0,1.0,1.0,1.0,1.0,0.0
