,AHA,AHA,AHA,AHA,AHA,MACS,MACS,MACS,MACS,MACS
,mean,median,var,std,count,mean,median,var,std,count
cluster,,,,,,,,,,
0,69.88095238095238,57.5,616.0586527293844,24.82052885676259,42,1.2380952380952381,1.5,1.210220673635307,1.1001003016249504,42
1,66.91666666666667,56.0,609.1642857142858,24.681253730600595,36,1.3333333333333333,2.0,1.0857142857142854,1.0419761445034552,36
2,72.9047619047619,66.0,657.990708478513,25.651329565512057,42,1.119047619047619,1.0,1.2781649245063882,1.1305595625646567,42
3,72.66666666666667,69.0,501.7543859649122,22.399874686366267,39,1.1794871794871795,1.0,1.2037786774628878,1.0971684818034502,39
4,68.23076923076923,65.0,732.4979757085017,27.064699808209618,39,1.2307692307692308,1.0,1.2348178137651822,1.1112235660591356,39
