,mean_fit_time,std_fit_time,mean_score_time,std_score_time,param_averaging_method,param_init_algorithm,param_metric,param_n_clusters,params,split0_test_score,split1_test_score,split2_test_score,split3_test_score,split4_test_score,mean_test_score,std_test_score,rank_test_score,split0_train_score,split1_train_score,split2_train_score,split3_train_score,split4_train_score,mean_train_score,std_train_score,method,window_size,model_type,gridsearch_hash
2,0.1215924739837646,0.0733392218595043,0.0025993824005126,0.0004916536946161,mean,kmeans++,euclidean,2,"{'averaging_method': 'mean', 'init_algorithm': 'kmeans++', 'metric': 'euclidean', 'n_clusters': 2}",1.0,1.0,1.0,1.0,1.0,1.0,0.0,1,1.0,1.0,1.0,1.0,1.0,1.0,0.0,ai,600,TimeSeriesKMeans,33f2a5675b
1,0.2002002239227295,0.0587461512077294,0.0026021480560302,0.0004874993234393,mean,kmeans++,euclidean,2,"{'averaging_method': 'mean', 'init_algorithm': 'kmeans++', 'metric': 'euclidean', 'n_clusters': 2}",0.939781446175308,1.0,0.9388528138528138,1.0,1.0,0.9757268520056244,0.0297298638768213,1,0.984686372330566,0.9377785005691984,0.9847764250768004,0.9547616338605076,0.9547616338605076,0.963352913139516,0.0185243303922157,difference,600,TimeSeriesKMeans,33f2a5675b
0,0.025395917892456,0.0021579679887238,0.001999807357788,6.468133910298603e-07,mean,forgy,euclidean,2,"{'averaging_method': 'mean', 'init_algorithm': 'forgy', 'metric': 'euclidean', 'n_clusters': 2}",1.0,0.7239819004524887,0.9353864734299516,0.938259109311741,0.9361471861471862,0.9067549338682734,0.0946327709876336,1,0.9540591169916984,0.903846153846154,0.9387811379722402,0.9543016370602578,0.8933704864739347,0.9288717064688572,0.02555738154291,concat,600,TimeSeriesKMeans,33f2a5675b
