,mean_fit_time,std_fit_time,mean_score_time,std_score_time,param_averaging_method,param_init_algorithm,param_metric,param_n_clusters,params,split0_test_score,split1_test_score,split2_test_score,split3_test_score,split4_test_score,mean_test_score,std_test_score,rank_test_score,split0_train_score,split1_train_score,split2_train_score,split3_train_score,split4_train_score,mean_train_score,std_train_score
0,0.13379554748535155,0.045472995532901385,0.002000236511230469,0.000633241588090033,mean,kmeans++,euclidean,2,"{'averaging_method': 'mean', 'init_algorithm': 'kmeans++', 'metric': 'euclidean', 'n_clusters': 2}",0.9148148148148149,1.0,1.0,1.0,0.9160839160839161,0.9661797461797462,0.04142312656599826,3,1.0,1.0,0.9791019955654102,0.9791019955654102,0.9790823211875844,0.9874572624636808,0.010241104833666298
1,63.52179899215698,4.1360274306161955,0.512201976776123,0.062287628258886826,mean,kmeans++,dtw,2,"{'averaging_method': 'mean', 'init_algorithm': 'kmeans++', 'metric': 'dtw', 'n_clusters': 2}",1.0,1.0,1.0,1.0,1.0,1.0,0.0,1,0.979212373848179,0.979212373848179,1.0,1.0,0.979231337767923,0.9875312170928563,0.0101807209669889
2,0.02280588150024414,0.003713753216285739,0.002599763870239258,0.0008002164834396921,mean,forgy,euclidean,2,"{'averaging_method': 'mean', 'init_algorithm': 'forgy', 'metric': 'euclidean', 'n_clusters': 2}",0.9148148148148149,1.0,1.0,1.0,0.9160839160839161,0.9661797461797462,0.04142312656599826,3,1.0,1.0,0.9791019955654102,0.9791019955654102,0.9790823211875844,0.9874572624636808,0.010241104833666298
3,41.45711121559143,4.661106403572939,0.35320024490356444,0.049611791905804725,mean,forgy,dtw,2,"{'averaging_method': 'mean', 'init_algorithm': 'forgy', 'metric': 'dtw', 'n_clusters': 2}",1.0,1.0,1.0,1.0,1.0,1.0,0.0,1,0.979212373848179,0.979212373848179,1.0,1.0,0.979231337767923,0.9875312170928563,0.0101807209669889
