,AHA,AHA,AHA,AHA
,mean,median,var,std
cluster,,,,
0,55.25,54.5,249.98684210526312,15.810972206201082
1,54.214285714285715,52.5,119.41208791208791,10.927583809428684
