,AHA,AHA,AHA,AHA,AHA,MACS,MACS,MACS,MACS,MACS
,mean,median,var,std,count,mean,median,var,std,count
cluster,,,,,,,,,,
0,54.0,54.0,,,1,1.0,1.0,,,1
1,74.73913043478261,76.5,625.9748792270534,25.01948998734893,46,1.065217391304348,1.0,1.217874396135265,1.1035734665781272,46
2,67.2,60.0,589.5111111111112,24.27984989885875,10,1.3,1.5,1.1222222222222222,1.0593499054713802,10
3,100.0,100.0,,,1,0.0,0.0,,,1
4,100.0,100.0,,,1,0.0,0.0,,,1
5,100.0,100.0,,,1,0.0,0.0,,,1
