,AHA,AHA,AHA,AHA
,mean,median,var,std
cluster,,,,
0,59.578947368421055,54.5,367.98008534850624,19.182807024742395
1,100.0,100.0,0.0,0.0
