,AHA,AHA,AHA,AHA,AHA,MACS,MACS,MACS,MACS,MACS
,mean,median,var,std,count,mean,median,var,std,count
cluster,,,,,,,,,,
0,65.59375,57.5,612.765120967742,24.754093014443935,32,1.4375,2.0,1.1572580645161294,1.0757592967370206,32
1,53.42857142857143,53.0,61.61904761904763,7.849780100044053,7,1.8571428571428572,2.0,0.8095238095238096,0.8997354108424375,7
2,100.0,100.0,0.0,0.0,2,0.0,0.0,0.0,0.0,2
3,66.96774193548387,64.0,603.4322580645164,24.56485819345425,31,1.3225806451612903,1.0,1.1591397849462362,1.0766335425511486,31
4,97.55555555555556,100.0,53.77777777777781,7.333333333333336,9,0.1111111111111111,0.0,0.11111111111111113,0.33333333333333337,9
5,100.0,100.0,,,1,0.0,0.0,,,1
