,AHA,AHA,AHA,AHA,AHA,MACS,MACS,MACS,MACS,MACS
,mean,median,var,std,count,mean,median,var,std,count
cluster,,,,,,,,,,
0,51.4,52.5,153.3230769230769,12.382369600487497,40,2.0,2.0,0.46153846153846145,0.6793662204867574,40
1,100.0,100.0,0.0,0.0,19,0.0,0.0,0.0,0.0,19
2,77.0,78.0,555.2727272727274,23.56422558185877,23,0.9130434782608695,1.0,1.0830039525691701,1.0406747583030782,23
