,mean_fit_time,std_fit_time,mean_score_time,std_score_time,param_averaging_method,param_init_algorithm,param_metric,param_n_clusters,params,split0_test_score,split1_test_score,split2_test_score,split3_test_score,split4_test_score,mean_test_score,std_test_score,rank_test_score,split0_train_score,split1_train_score,split2_train_score,split3_train_score,split4_train_score,mean_train_score,std_train_score
0,0.1279977798461914,0.048346353268170716,0.0018005847930908203,0.0004009393141278932,mean,kmeans++,euclidean,2,"{'averaging_method': 'mean', 'init_algorithm': 'kmeans++', 'metric': 'euclidean', 'n_clusters': 2}",0.9,1.0,0.9505208333333334,0.8987179487179486,0.9487179487179487,0.9395913461538461,0.03765650895157595,3,0.9497138299970309,0.9245707449955466,0.9369507237199403,0.9498701984707253,0.9375439718580109,0.9397298938082509,0.009431930813438438
1,10.938004207611083,1.362327492545383,0.04979763031005859,0.005420694731633472,mean,kmeans++,dtw,2,"{'averaging_method': 'mean', 'init_algorithm': 'kmeans++', 'metric': 'dtw', 'n_clusters': 2}",0.8759296822177148,1.0,0.9260154738878142,0.9243440156274749,0.974135523155131,0.9400849389776271,0.04315293803648378,1,0.9498579178506846,0.9307475384060844,0.9433558678812871,0.9314018961144712,0.9314018961144712,0.9373530232733998,0.00783416608237606
2,0.04519033432006836,0.008655032785206247,0.0016020774841308595,0.0004938199511270091,mean,forgy,euclidean,2,"{'averaging_method': 'mean', 'init_algorithm': 'forgy', 'metric': 'euclidean', 'n_clusters': 2}",0.9,1.0,0.9505208333333334,0.8987179487179486,0.9487179487179487,0.9395913461538461,0.03765650895157595,3,0.9497138299970309,0.9245707449955466,0.9369507237199403,0.9498701984707253,0.9375439718580109,0.9397298938082509,0.009431930813438438
3,8.177864027023315,1.3508303554082697,0.04200377464294434,0.004771357587480835,mean,forgy,dtw,2,"{'averaging_method': 'mean', 'init_algorithm': 'forgy', 'metric': 'dtw', 'n_clusters': 2}",0.8759296822177148,1.0,0.9260154738878142,0.9243440156274749,0.974135523155131,0.9400849389776271,0.04315293803648378,1,0.9498579178506846,0.9307475384060844,0.9433558678812871,0.9314018961144712,0.9314018961144712,0.9373530232733998,0.00783416608237606
