,AHA,AHA,AHA,AHA,AHA,MACS,MACS,MACS,MACS,MACS
,mean,median,var,std,count,mean,median,var,std,count
cluster,,,,,,,,,,
0,70.20707070707071,64.0,616.9873609188331,24.839230280321352,198,1.2171717171717171,1.0,1.1860995744244465,1.0890819870076112,198
