,AHA,AHA,AHA,AHA,AHA,MACS,MACS,MACS,MACS,MACS
,mean,median,var,std,count,mean,median,var,std,count
cluster,,,,,,,,,,
0,48.827586206896555,49.0,151.71921182266016,12.31743527779465,29,2.206896551724138,2.0,0.38423645320197036,0.6198680933892068,29
1,100.0,100.0,0.0,0.0,17,0.0,0.0,0.0,0.0,17
2,84.28571428571429,100.0,358.4142857142857,18.931832603165645,21,0.5714285714285714,0.0,0.5571428571428572,0.7464200272921789,21
3,52.15384615384615,50.0,97.47435897435896,9.872910359886742,13,1.8461538461538463,2.0,0.4743589743589744,0.6887372317211945,13
4,100.0,100.0,,,1,0.0,0.0,,,1
5,63.0,63.0,,,1,1.0,1.0,,,1
