{
    "Best index": 1,
    "Best score": 0.9503496503496504,
    "Refit time": 90.84547519683838,
    "Best params": {
        "feature_selection": "none"
    },
    "Hemi cluster": 1
}