,mean_fit_time,std_fit_time,mean_score_time,std_score_time,param_feature_selection,params,split0_test_score,split1_test_score,split2_test_score,split3_test_score,split4_test_score,mean_test_score,std_test_score,rank_test_score,split0_train_score,split1_train_score,split2_train_score,split3_train_score,split4_train_score,mean_train_score,std_train_score
0,169.37608909606934,0.4928512292507569,1.556204128265381,0.023525434810578023,chi2,{'feature_selection': 'chi2'},0.9172494172494172,0.9172494172494172,0.8333333333333334,1.0,1.0,0.9335664335664337,0.062299280771906884,2,1.0,1.0,1.0,1.0,1.0,1.0,0.0
1,85.91579403877259,0.2578636974702117,0.584602689743042,0.10528603538405218,none,{'feature_selection': 'none'},0.9172494172494172,0.9172494172494172,0.9172494172494172,1.0,1.0,0.9503496503496504,0.040539340731376626,1,1.0,1.0,1.0,1.0,1.0,1.0,0.0
