,AHA,AHA,AHA,AHA,AHA,MACS,MACS,MACS,MACS,MACS
,mean,median,var,std,count,mean,median,var,std,count
cluster,,,,,,,,,,
0,100.0,100.0,,,1,0.0,0.0,,,1
1,100.0,100.0,0.0,0.0,4,0.0,0.0,0.0,0.0,4
2,80.47368421052632,84.0,465.04093567251505,21.564807805137402,19,0.7894736842105263,1.0,0.8421052631578947,0.9176629354822471,19
3,60.625,55.5,327.9821428571427,18.110277271680374,8,1.375,1.5,0.5535714285714286,0.7440238091428449,8
4,69.64285714285714,61.5,725.3492063492063,26.932307854122087,28,1.3214285714285714,1.5,1.4854497354497356,1.2187902754164621,28
