,mean_fit_time,std_fit_time,mean_score_time,std_score_time,param_averaging_method,param_init_algorithm,param_metric,param_n_clusters,params,split0_test_score,split1_test_score,split2_test_score,split3_test_score,split4_test_score,mean_test_score,std_test_score,rank_test_score,split0_train_score,split1_train_score,split2_train_score,split3_train_score,split4_train_score,mean_train_score,std_train_score
0,0.7814002990722656,0.016952183872024053,0.004200363159179687,0.0007486774286394419,mean,kmeans++,euclidean,2,"{'averaging_method': 'mean', 'init_algorithm': 'kmeans++', 'metric': 'euclidean', 'n_clusters': 2}",0.888888888888889,0.9333333333333333,0.5945945945945945,0.6486486486486486,0.962962962962963,0.8056856856856858,0.15308358283003717,1,0.9016393442622951,0.9649122807017544,0.5571428571428572,0.48226950354609927,0.9642857142857142,0.774049939987744,0.21027679124766452
1,0.477599573135376,0.01600595320932123,0.0039999961853027345,0.0008952700935819519,mean,forgy,euclidean,2,"{'averaging_method': 'mean', 'init_algorithm': 'forgy', 'metric': 'euclidean', 'n_clusters': 2}",0.888888888888889,0.9333333333333333,0.5405405405405405,0.6486486486486486,0.962962962962963,0.7948748748748748,0.168719321812578,2,0.9565217391304347,0.9137931034482759,0.5205479452054794,0.48226950354609927,0.9401709401709402,0.7626606463002459,0.2140891404594621
