,AHA,AHA,AHA,AHA,AHA,MACS,MACS,MACS,MACS,MACS
,mean,median,var,std,count,mean,median,var,std,count
cluster,,,,,,,,,,
0,100.0,100.0,,,1,0.0,0.0,,,1
1,52.0,52.0,96.81818181818181,9.839623052646976,23,2.0,2.0,0.5454545454545459,0.7385489458759966,23
2,100.0,100.0,,,1,0.0,0.0,,,1
3,100.0,100.0,0.0,0.0,17,0.0,0.0,0.0,0.0,17
4,78.0,78.0,,,1,1.0,1.0,,,1
5,75.88235294117646,78.0,637.9852941176472,25.258370773223817,17,0.9411764705882353,1.0,0.9338235294117648,0.9663454503498037,17
