,mean_fit_time,std_fit_time,mean_score_time,std_score_time,param_init_algorithm,param_metric,param_n_clusters,params,split0_test_score,split1_test_score,split2_test_score,split3_test_score,split4_test_score,mean_test_score,std_test_score,rank_test_score,split0_train_score,split1_train_score,split2_train_score,split3_train_score,split4_train_score,mean_train_score,std_train_score
0,0.28359694480895997,0.017405267831157083,0.0019960403442382812,3.6997155649701734e-06,forgy,euclidean,2,"{'init_algorithm': 'forgy', 'metric': 'euclidean', 'n_clusters': 2}",0.9255578093306287,0.8759296822177148,0.9505208333333334,0.7719689670909182,0.9243440156274749,0.889664261520014,0.06361662589546734,3,0.8933000431426183,0.9006104008962318,0.8820764493045964,0.8521192234071644,0.8888126861966236,0.8833837605894468,0.016755556554168886
1,16.106998777389528,0.5210339159294025,0.05519576072692871,0.0007474558264732072,forgy,dtw,2,"{'init_algorithm': 'forgy', 'metric': 'dtw', 'n_clusters': 2}",0.9751859364435429,0.8668954996186118,0.9505208333333334,0.9243440156274749,0.9493589743589745,0.9332610518763875,0.03687448758182329,1,0.9373223973133558,0.9936826598980881,0.931190493289136,0.9500351774864086,0.9438742786391129,0.9512210013252203,0.02214843293248674
2,0.23279905319213867,0.017870500897620992,0.0017955780029296875,0.00040081648927471896,random,euclidean,2,"{'init_algorithm': 'random', 'metric': 'euclidean', 'n_clusters': 2}",0.9255578093306287,0.8759296822177148,0.9505208333333334,0.7719689670909182,0.9243440156274749,0.889664261520014,0.06361662589546734,3,0.8933000431426183,0.9006104008962318,0.8820764493045964,0.8521192234071644,0.8888126861966236,0.8833837605894468,0.016755556554168886
3,15.620403003692626,0.7674672431136796,0.051797676086425784,0.003545935658179988,random,dtw,2,"{'init_algorithm': 'random', 'metric': 'dtw', 'n_clusters': 2}",0.9751859364435429,0.8668954996186118,0.9505208333333334,0.9243440156274749,0.9493589743589745,0.9332610518763875,0.03687448758182329,1,0.9373223973133558,0.9936826598980881,0.931190493289136,0.9500351774864086,0.9438742786391129,0.9512210013252203,0.02214843293248674
