,AHA,AHA,AHA,AHA,AHA,MACS,MACS,MACS,MACS,MACS
,mean,median,var,std,count,mean,median,var,std,count
cluster,,,,,,,,,,
0,56.74285714285714,54.0,286.0789915966386,16.91386979956505,35,1.7714285714285714,2.0,0.7109243697478992,0.8431633114337336,35
1,100.0,100.0,0.0,0.0,24,0.0,0.0,0.0,0.0,24
2,78.0,78.0,,,1,1.0,1.0,,,1
