,AHA,AHA,AHA,AHA,AHA,MACS,MACS,MACS,MACS,MACS
,mean,median,var,std,count,mean,median,var,std,count
cluster,,,,,,,,,,
0,96.625,100.0,182.25,13.5,16,0.125,0.0,0.25,0.5,16
1,74.79166666666667,71.5,393.44503546099315,19.835448960409067,48,0.9375,1.0,0.6981382978723404,0.8355467059789897,48
2,100.0,100.0,0.0,0.0,41,0.0,0.0,0.0,0.0,41
3,50.16129032258065,50.0,156.3323983169705,12.503295498266468,93,2.086021505376344,2.0,0.47078073866292663,0.6861346359592457,93
