,AHA,AHA,AHA,AHA,AHA,MACS,MACS,MACS,MACS,MACS
,mean,median,var,std,count,mean,median,var,std,count
cluster,,,,,,,,,,
0,100.0,100.0,,,1,0.0,0.0,,,1
1,72.74545454545455,68.0,619.971043771044,24.899217734118558,55,1.1272727272727272,1.0,1.187205387205387,1.089589549878938,55
2,100.0,100.0,,,1,0.0,0.0,,,1
3,63.0,63.0,,,1,1.0,1.0,,,1
4,100.0,100.0,,,1,0.0,0.0,,,1
5,100.0,100.0,,,1,0.0,0.0,,,1
