,AHA,AHA,AHA,AHA
,mean,median,var,std
cluster,,,,
0,54.121212121212125,53.0,179.92234848484847,13.41351365171887
1,78.0,78.0,,
