,mean_fit_time,std_fit_time,mean_score_time,std_score_time,param_init_algorithm,param_metric,param_n_clusters,params,split0_test_score,split1_test_score,split2_test_score,split3_test_score,split4_test_score,mean_test_score,std_test_score,rank_test_score,split0_train_score,split1_train_score,split2_train_score,split3_train_score,split4_train_score,mean_train_score,std_train_score
0,0.3030986785888672,0.024850001070288494,0.001854705810546875,0.0008489521961843985,forgy,euclidean,2,"{'init_algorithm': 'forgy', 'metric': 'euclidean', 'n_clusters': 2}",0.9506666666666668,0.9263331138907176,1.0,0.9487179487179487,0.9493589743589745,0.9550153407268617,0.02423572692899419,1,0.925135259289506,0.9559302517129628,0.9497337407245744,0.9257637017070979,0.9624026488530439,0.943793120457437,0.015505426116143676
1,15.684390640258789,0.5066162758265513,0.055401039123535153,0.0031982560613325367,forgy,dtw,2,"{'init_algorithm': 'forgy', 'metric': 'dtw', 'n_clusters': 2}",0.8772218564845293,0.847008547008547,0.9244421906693712,0.9745394178891715,0.8987179487179486,0.9043859921539135,0.04332653329254499,4,0.9126578025044235,0.9426850128918669,0.9120340462680053,0.9107617051013277,0.9071228859126015,0.917052290535645,0.012959130350852778
2,0.2249911308288574,0.01757350684002026,0.0020018100738525392,4.58706441261911e-06,random,euclidean,2,"{'init_algorithm': 'random', 'metric': 'euclidean', 'n_clusters': 2}",0.9506666666666668,0.9263331138907176,1.0,0.9487179487179487,0.9493589743589745,0.9550153407268617,0.02423572692899419,1,0.925135259289506,0.9559302517129628,0.9497337407245744,0.9257637017070979,0.9624026488530439,0.943793120457437,0.015505426116143676
3,16.50688147544861,0.772148871833363,0.058003711700439456,0.007212592393313642,random,dtw,2,"{'init_algorithm': 'random', 'metric': 'dtw', 'n_clusters': 2}",0.8772218564845293,0.847008547008547,0.9505208333333334,0.9745394178891715,0.8987179487179486,0.909601720686706,0.04685316592690395,3,0.9126578025044235,0.9426850128918669,0.8882078614257161,0.9107617051013277,0.9071228859126015,0.912287053567187,0.017509861196321336
