,AHA,AHA,AHA,AHA
,mean,median,var,std
cluster,,,,
0,65.5,65.5,312.5,17.67766952966369
1,54.64150943396226,53.0,252.04208998548626,15.875833520967845
2,100.0,100.0,0.0,0.0
