,AHA,AHA,AHA,AHA,AHA,MACS,MACS,MACS,MACS,MACS
,mean,median,var,std,count,mean,median,var,std,count
cluster,,,,,,,,,,
0,78.0,78.0,,,1,1.0,1.0,,,1
1,67.7872340425532,63.0,574.9537465309896,23.97819314566862,47,1.3191489361702127,1.0,1.135060129509713,1.0653920074365646,47
2,100.0,100.0,0.0,0.0,4,0.0,0.0,0.0,0.0,4
3,100.0,100.0,,,1,0.0,0.0,,,1
4,100.0,100.0,,,1,0.0,0.0,,,1
5,100.0,100.0,,,1,0.0,0.0,,,1
6,100.0,100.0,,,1,0.0,0.0,,,1
7,100.0,100.0,0.0,0.0,4,0.0,0.0,0.0,0.0,4
