,mean_fit_time,std_fit_time,mean_score_time,std_score_time,param_averaging_method,param_init_algorithm,param_metric,param_n_clusters,params,split0_test_score,split1_test_score,split2_test_score,split3_test_score,split4_test_score,mean_test_score,std_test_score,rank_test_score,split0_train_score,split1_train_score,split2_train_score,split3_train_score,split4_train_score,mean_train_score,std_train_score
0,0.05898928642272949,0.003284513004872399,0.0024202823638916015,0.00048468878954039085,mean,kmeans++,euclidean,2,"{'averaging_method': 'mean', 'init_algorithm': 'kmeans++', 'metric': 'euclidean', 'n_clusters': 2}",1.0,0.8333333333333334,1.0,0.9090909090909091,1.0,0.9484848484848485,0.06748805288278813,1,0.9333333333333332,0.9777777777777777,0.9387755102040817,0.9787234042553191,0.9787234042553191,0.9614666859651662,0.0208231378813969
1,0.03600044250488281,0.0037421383233144268,0.003999948501586914,1.7713714238173208e-06,mean,forgy,euclidean,2,"{'averaging_method': 'mean', 'init_algorithm': 'forgy', 'metric': 'euclidean', 'n_clusters': 2}",1.0,0.8333333333333334,1.0,0.9090909090909091,1.0,0.9484848484848485,0.06748805288278813,1,0.9777777777777777,0.9777777777777777,0.9583333333333334,0.9583333333333334,0.9787234042553191,0.9701891252955083,0.009686369974948523
