subject,MACS,hemi,side_hemi,AHA,AI_aha,AI_week,healthy_percentage,predicted_aha
29.0,1.0,2.0,2.0,84.0,32.59,18.99,"[89.74600188146754, 90.68673565380998, 60.11288805268109, 92.66227657572907, 81.9379115710254]",70.61770891498439
