subject,MACS,hemi,side_hemi,AHA,AI_aha,AI_week,healthy_percentage,predicted_aha
1.0,2.0,2.0,1.0,46.0,54.17,40.38,"[58.094144661308846, 59.01262916188289, 28.93226176808266, 78.0711825487945, 67.85304247990815]",44.24388466389274
