subject,MACS,hemi,side_hemi,AHA,AI_aha,AI_week,healthy_percentage,predicted_aha
44.0,0.0,1.0,0.0,100.0,11.14,-2.38,"[97.69938650306749, 97.85276073619632, 85.04601226993866, 96.31901840490798, 91.25766871165644]",100
