subject,MACS,hemi,side_hemi,AHA,AI_aha,AI_week,healthy_percentage,predicted_aha
2.0,2.0,2.0,2.0,50.0,63.22,51.08,"[78.4238714613619, 79.49502677888293, 46.28921193573068, 83.6266258607498, 78.04131599081867]",55.9145073195697
