subject,MACS,hemi,side_hemi,AHA,AI_aha,AI_week,healthy_percentage,predicted_aha
34.0,1.0,2.0,1.0,63.0,52.08,40.13,"[83.84171475680132, 83.34707337180544, 54.49299258037923, 83.59439406430337, 78.40065952184666]",65.5433725617923
