subject,MACS,hemi,side_hemi,AHA,AI_aha,AI_week,healthy_percentage,predicted_aha
57.0,0.0,1.0,0.0,100.0,20.92,-7.41,"[91.11842105263158, 92.35197368421053, 69.24342105263158, 97.03947368421053, 90.78947368421053]",81.334767218821
