subject,MACS,hemi,side_hemi,AHA,AI_aha,AI_week,healthy_percentage,predicted_aha
51.0,0.0,1.0,0.0,100.0,11.03,6.44,"[97.59862778730704, 97.77015437392797, 77.35849056603774, 96.0548885077187, 86.62092624356775]",92.60580232010206
