subject,MACS,hemi,side_hemi,AHA,AI_aha,AI_week,healthy_percentage,predicted_aha
6.0,2.0,2.0,2.0,47.0,60.15,38.94,"[60.42553191489362, 61.631205673758856, 31.48936170212766, 60.07092198581561, 50.78014184397163]",55.19223345789753
