subject,MACS,hemi,side_hemi,AHA,AI_aha,AI_week,healthy_percentage,predicted_aha
39.0,0.0,1.0,0.0,100.0,1.04,3.53,"[97.17557251908397, 97.55725190839695, 88.54961832061069, 99.54198473282443, 98.1679389312977]",100
