subject,MACS,hemi,side_hemi,AHA,AI_aha,AI_week,healthy_percentage,predicted_aha
15.0,2.0,2.0,1.0,49.0,58.87,33.99,"[53.80116959064327, 55.65302144249513, 20.955165692007796, 63.060428849902536, 52.14424951267057]",41.12107426693987
