subject,MACS,hemi,side_hemi,AHA,AI_aha,AI_week,healthy_percentage,predicted_aha
22.0,2.0,2.0,2.0,53.0,49.61,26.29,"[60.659898477157356, 58.629441624365484, 30.83756345177665, 38.45177664974619, 28.426395939086298]",62.76145332836933
