subject,MACS,hemi,side_hemi,AHA,AI_aha,AI_week,healthy_percentage,predicted_aha
8.0,2.0,2.0,2.0,54.0,58.38,33.28,"[69.70610399397137, 67.59608138658628, 37.90504898266767, 70.91183119819141, 62.773172569706105]",52.84280554400604
