subject,MACS,hemi,side_hemi,AHA,AI_aha,AI_week,healthy_percentage,predicted_aha
14.0,1.0,2.0,1.0,63.0,49.81,29.08,"[89.00523560209425, 91.47344801795063, 54.225878833208675, 87.43455497382199, 76.81376215407629]",64.07844632867389
