subject,MACS,hemi,side_hemi,AHA,AI_aha,AI_week,healthy_percentage,predicted_aha
56.0,0.0,1.0,0.0,100.0,-3.23,2.74,"[95.80645161290322, 96.55913978494624, 79.78494623655914, 98.6021505376344, 93.76344086021506]",94.7682902647945
