subject,MACS,hemi,side_hemi,AHA,AI_aha,AI_week,healthy_percentage,predicted_aha
40.0,0.0,1.0,0.0,100.0,18.66,-0.46,"[96.61949685534591, 97.16981132075472, 86.71383647798741, 99.37106918238993, 96.38364779874213]",100
