,AHA,AHA,AHA,AHA,AHA,MACS,MACS,MACS,MACS,MACS
,mean,median,var,std,count,mean,median,var,std,count
cluster,,,,,,,,,,
0,55.470588235294116,53.5,236.37789661319073,15.374586063149497,34,1.8235294117647058,2.0,0.6345811051693405,0.7966059911708803,34
1,100.0,100.0,0.0,0.0,25,0.0,0.0,0.0,0.0,25
2,78.0,78.0,,,1,1.0,1.0,,,1
