,AHA,AHA,AHA,AHA
,mean,median,var,std
cluster,,,,
0,69.84146341463415,63.5,620.4807286961758,24.909450590010525
