,AHA,AHA,AHA,AHA,AHA,MACS,MACS,MACS,MACS,MACS
,mean,median,var,std,count,mean,median,var,std,count
cluster,,,,,,,,,,
0,58.34615384615385,53.5,233.7993966817497,15.290500210318488,52,1.6923076923076923,2.0,0.6093514328808445,0.7806096546167262,52
1,99.1025641025641,100.0,31.41025641025643,5.6044853831780514,39,0.02564102564102564,0.0,0.025641025641025633,0.1601281538050871,39
2,100.0,100.0,0.0,0.0,9,0.0,0.0,0.0,0.0,9
3,62.265306122448976,57.5,560.62991794656,23.67762483752456,98,1.5510204081632653,2.0,1.1365453397853982,1.0660888048307224,98
