,AHA,AHA,AHA,AHA,AHA,MACS,MACS,MACS,MACS,MACS
,mean,median,var,std,count,mean,median,var,std,count
cluster,,,,,,,,,,
0,56.114285714285714,54.0,243.92773109243694,15.618185909139285,35,1.8,2.0,0.6352941176470588,0.7970533969860857,35
1,100.0,100.0,0.0,0.0,25,0.0,0.0,0.0,0.0,25
