,AHA,AHA,AHA,AHA,AHA,MACS,MACS,MACS,MACS,MACS
,mean,median,var,std,count,mean,median,var,std,count
cluster,,,,,,,,,,
0,63.111111111111114,58.5,826.8104575163399,28.754311981272302,18,1.4444444444444444,1.0,1.5555555555555554,1.247219128924647,18
1,100.0,100.0,0.0,0.0,23,0.0,0.0,0.0,0.0,23
2,55.8780487804878,53.0,161.8597560975611,12.722411567684842,41,1.829268292682927,2.0,0.4951219512195122,0.7036490255940899,41
