,mean_fit_time,std_fit_time,mean_score_time,std_score_time,param_averaging_method,param_init_algorithm,param_metric,param_n_clusters,params,split0_test_score,split1_test_score,split2_test_score,split3_test_score,split4_test_score,mean_test_score,std_test_score,rank_test_score,split0_train_score,split1_train_score,split2_train_score,split3_train_score,split4_train_score,mean_train_score,std_train_score
0,0.4480299472808838,0.020301952503184423,0.0031771183013916014,0.0014709365457153073,mean,kmeans++,euclidean,2,"{'averaging_method': 'mean', 'init_algorithm': 'kmeans++', 'metric': 'euclidean', 'n_clusters': 2}",1.0,0.9397814461753081,0.9353864734299517,0.4807692307692308,1.0,0.8711874300748981,0.19719958565016596,2,0.9084896810506566,0.9377785005691983,0.9238821253840026,0.5478395061728396,0.9399350649350651,0.8515849756223524,0.15229011497728426
1,0.025395917892456054,0.002157967988723827,0.0019998073577880858,6.468133910298603e-07,mean,forgy,euclidean,2,"{'averaging_method': 'mean', 'init_algorithm': 'forgy', 'metric': 'euclidean', 'n_clusters': 2}",1.0,0.7239819004524887,0.9353864734299517,0.938259109311741,0.9361471861471862,0.9067549338682734,0.09463277098763369,1,0.9540591169916983,0.9038461538461539,0.9387811379722402,0.9543016370602578,0.8933704864739347,0.9288717064688571,0.025557381542910065
