,AHA,AHA,AHA,AHA,AHA,MACS,MACS,MACS,MACS,MACS
,mean,median,var,std,count,mean,median,var,std,count
cluster,,,,,,,,,,
0,54.0,54.0,,,1,1.0,1.0,,,1
1,55.134328358208954,53.0,119.96653098145644,10.952923398867375,67,1.835820895522388,2.0,0.4726368159203982,0.6874858659786383,67
2,63.0,63.0,,,1,1.0,1.0,,,1
3,51.55172413793103,52.5,261.1639443436177,16.160567574921917,58,2.0,2.0,0.6315789473684208,0.7947194142390261,58
