,AHA,AHA,AHA,AHA,AHA,MACS,MACS,MACS,MACS,MACS
,mean,median,var,std,count,mean,median,var,std,count
cluster,,,,,,,,,,
0,60.3235294117647,54.5,312.16488413547216,17.668188479169906,34,1.6176470588235294,2.0,0.7887700534759355,0.8881272732418116,34
1,99.20454545454545,100.0,27.840909090909108,5.276448530110865,44,0.022727272727272728,0.0,0.02272727272727272,0.1507556722888818,44
2,65.8840579710145,63.0,689.5157715260017,26.258632323980656,69,1.3768115942028984,1.0,1.2382779198635978,1.112779367109041,69
3,100.0,100.0,,,1,0.0,0.0,,,1
4,56.78,53.0,237.7669387755103,15.419693212755899,50,1.8,2.0,0.6938775510204085,0.8329931278350431,50
